This is pdfTeX, Version 3.141592653-2.6-1.40.29 (MiKTeX 26.1) (preloaded format=pdflatex 2026.2.10)  17 FEB 2026 11:32
entering extended mode
 restricted \write18 enabled.
 %&-line parsing enabled.
**./stm0005-notes.tex
(stm0005-notes.tex
LaTeX2e <2025-11-01>
L3 programming layer <2026-01-19>
(C:\Users\cdhro\AppData\Local\Programs\MiKTeX\tex/latex/base\book.cls
Document Class: book 2025/01/22 v1.4n Standard LaTeX document class
(C:\Users\cdhro\AppData\Local\Programs\MiKTeX\tex/latex/base\bk12.clo
File: bk12.clo 2025/01/22 v1.4n Standard LaTeX file (size option)
)
\c@part=\count275
\c@chapter=\count276
\c@section=\count277
\c@subsection=\count278
\c@subsubsection=\count279
\c@paragraph=\count280
\c@subparagraph=\count281
\c@figure=\count282
\c@table=\count283
\abovecaptionskip=\skip49
\belowcaptionskip=\skip50
\bibindent=\dimen148
)
(C:\Users\cdhro\AppData\Local\Programs\MiKTeX\tex/generic/iftex\iftex.sty
Package: iftex 2024/12/12 v1.0g TeX engine tests
)
(C:\Users\cdhro\AppData\Local\Programs\MiKTeX\tex/latex/lm\lmodern.sty
Package: lmodern 2015/05/01 v1.6.1 Latin Modern Fonts
LaTeX Font Info:    Overwriting symbol font `operators' in version `normal'
(Font)                  OT1/cmr/m/n --> OT1/lmr/m/n on input line 22.
LaTeX Font Info:    Overwriting symbol font `letters' in version `normal'
(Font)                  OML/cmm/m/it --> OML/lmm/m/it on input line 23.
LaTeX Font Info:    Overwriting symbol font `symbols' in version `normal'
(Font)                  OMS/cmsy/m/n --> OMS/lmsy/m/n on input line 24.
LaTeX Font Info:    Overwriting symbol font `largesymbols' in version `normal'
(Font)                  OMX/cmex/m/n --> OMX/lmex/m/n on input line 25.
LaTeX Font Info:    Overwriting symbol font `operators' in version `bold'
(Font)                  OT1/cmr/bx/n --> OT1/lmr/bx/n on input line 26.
LaTeX Font Info:    Overwriting symbol font `letters' in version `bold'
(Font)                  OML/cmm/b/it --> OML/lmm/b/it on input line 27.
LaTeX Font Info:    Overwriting symbol font `symbols' in version `bold'
(Font)                  OMS/cmsy/b/n --> OMS/lmsy/b/n on input line 28.
LaTeX Font Info:    Overwriting symbol font `largesymbols' in version `bold'
(Font)                  OMX/cmex/m/n --> OMX/lmex/m/n on input line 29.
LaTeX Font Info:    Overwriting math alphabet `\mathbf' in version `normal'
(Font)                  OT1/cmr/bx/n --> OT1/lmr/bx/n on input line 31.
LaTeX Font Info:    Overwriting math alphabet `\mathsf' in version `normal'
(Font)                  OT1/cmss/m/n --> OT1/lmss/m/n on input line 32.
LaTeX Font Info:    Overwriting math alphabet `\mathit' in version `normal'
(Font)                  OT1/cmr/m/it --> OT1/lmr/m/it on input line 33.
LaTeX Font Info:    Overwriting math alphabet `\mathtt' in version `normal'
(Font)                  OT1/cmtt/m/n --> OT1/lmtt/m/n on input line 34.
LaTeX Font Info:    Overwriting math alphabet `\mathbf' in version `bold'
(Font)                  OT1/cmr/bx/n --> OT1/lmr/bx/n on input line 35.
LaTeX Font Info:    Overwriting math alphabet `\mathsf' in version `bold'
(Font)                  OT1/cmss/bx/n --> OT1/lmss/bx/n on input line 36.
LaTeX Font Info:    Overwriting math alphabet `\mathit' in version `bold'
(Font)                  OT1/cmr/bx/it --> OT1/lmr/bx/it on input line 37.
LaTeX Font Info:    Overwriting math alphabet `\mathtt' in version `bold'
(Font)                  OT1/cmtt/m/n --> OT1/lmtt/m/n on input line 38.
)
(C:\Users\cdhro\AppData\Local\Programs\MiKTeX\tex/latex/base\fontenc.sty
Package: fontenc 2025/07/18 v2.1d Standard LaTeX package
LaTeX Font Info:    Trying to load font information for T1+lmr on input line 11
6.

(C:\Users\cdhro\AppData\Local\Programs\MiKTeX\tex/latex/lm\t1lmr.fd
File: t1lmr.fd 2015/05/01 v1.6.1 Font defs for Latin Modern
))
(C:\Users\cdhro\AppData\Local\Programs\MiKTeX\tex/latex/base\inputenc.sty
Package: inputenc 2024/02/08 v1.3d Input encoding file
\inpenc@prehook=\toks17
\inpenc@posthook=\toks18
)
(C:\Users\cdhro\AppData\Local\Programs\MiKTeX\tex/latex/lwarp\lwarp.sty
Package: lwarp 2025/12/10 v0.920 Allows LaTeX to directly produce HTML5 output.


(C:\Users\cdhro\AppData\Local\Programs\MiKTeX\tex/generic/iftex\ifpdf.sty
Package: ifpdf 2019/10/25 v3.4 ifpdf legacy package. Use iftex instead.
)
(C:\Users\cdhro\AppData\Local\Programs\MiKTeX\tex/latex/ifptex\ifptex.sty
Package: ifptex 2023/04/08 v2.2c pTeX checker
)
(C:\Users\cdhro\AppData\Local\Programs\MiKTeX\tex/latex/etoolbox\etoolbox.sty
Package: etoolbox 2025/10/02 v2.5m e-TeX tools for LaTeX (JAW)
\etb@tempcnta=\count284
)
(C:\Users\cdhro\AppData\Local\Programs\MiKTeX\tex/latex/verifycommand\verifycom
mand.sty
Package: verifycommand 2025/03/07 v1.11 Verify definitions have not changed.
)
(C:\Users\cdhro\AppData\Local\Programs\MiKTeX\tex/latex/xpatch\xpatch.sty
(C:\Users\cdhro\AppData\Local\Programs\MiKTeX\tex/latex/l3kernel\expl3.sty
Package: expl3 2026-01-19 L3 programming layer (loader) 

(C:\Users\cdhro\AppData\Local\Programs\MiKTeX\tex/latex/l3backend\l3backend-pdf
tex.def
File: l3backend-pdftex.def 2025-10-09 L3 backend support: PDF output (pdfTeX)
\l__color_backend_stack_int=\count285
))
Package: xpatch 2020/03/25 v0.3a Extending etoolbox patching commands

(C:\Users\cdhro\AppData\Local\Programs\MiKTeX\tex/latex/l3packages/xparse\xpars
e.sty
Package: xparse 2025-10-09 L3 Experimental document command parser
))
(C:\Users\cdhro\AppData\Local\Programs\MiKTeX\tex/latex/ifplatform\ifplatform.s
ty
Package: ifplatform 2017/10/13 v0.4a Testing for the operating system
 (C:\Users\cdhro\AppData\Local\Programs\MiKTeX\tex/latex/tools\shellesc.sty
Package: shellesc 2023/07/08 v1.0d unified shell escape interface for LaTeX
Package shellesc Info: Restricted shell escape enabled on input line 77.
)
(C:\Users\cdhro\AppData\Local\Programs\MiKTeX\tex/generic/pdftexcmds\pdftexcmds
.sty
Package: pdftexcmds 2020-06-27 v0.33 Utility functions of pdfTeX for LuaTeX (HO
)

(C:\Users\cdhro\AppData\Local\Programs\MiKTeX\tex/generic/infwarerr\infwarerr.s
ty
Package: infwarerr 2019/12/03 v1.5 Providing info/warning/error messages (HO)
)
(C:\Users\cdhro\AppData\Local\Programs\MiKTeX\tex/generic/ltxcmds\ltxcmds.sty
Package: ltxcmds 2023-12-04 v1.26 LaTeX kernel commands for general use (HO)
)
Package pdftexcmds Info: \pdf@primitive is available.
Package pdftexcmds Info: \pdf@ifprimitive is available.
Package pdftexcmds Info: \pdfdraftmode found.
)
(C:\Users\cdhro\AppData\Local\Programs\MiKTeX\tex/generic/catchfile\catchfile.s
ty
Package: catchfile 2019/12/09 v1.8 Catch the contents of a file (HO)

(C:\Users\cdhro\AppData\Local\Programs\MiKTeX\tex/generic/etexcmds\etexcmds.sty
Package: etexcmds 2019/12/15 v1.7 Avoid name clashes with e-TeX commands (HO)
)) (C:\Users\cdhro\AppData\Local\Programs\MiKTeX\tex/generic/iftex\ifluatex.sty
Package: ifluatex 2019/10/25 v1.5 ifluatex legacy package. Use iftex instead.
)

Package ifplatform Warning: 
    shell escape is disabled, so I can only detect \ifwindows.

)
(C:\Users\cdhro\AppData\Local\Programs\MiKTeX\tex/latex/letltxmacro\letltxmacro
.sty
Package: letltxmacro 2019/12/03 v1.6 Let assignment for LaTeX macros (HO)
) (C:\Users\cdhro\AppData\Local\Programs\MiKTeX\tex/latex/base\fontenc.sty
Package: fontenc 2025/07/18 v2.1d Standard LaTeX package
)
(C:\Users\cdhro\AppData\Local\Programs\MiKTeX\tex/latex/newunicodechar\newunico
dechar.sty
Package: newunicodechar 2018/04/08 v1.2 Defining Unicode characters
)

Package newunicodechar Warning: Redefining Unicode character on input line 876.



Package newunicodechar Warning: Redefining Unicode character on input line 877.



Package newunicodechar Warning: Redefining Unicode character on input line 878.



Package newunicodechar Warning: Redefining Unicode character on input line 879.



Package newunicodechar Warning: Redefining Unicode character on input line 880.



Package newunicodechar Warning: Redefining Unicode character on input line 881.



Package newunicodechar Warning: Redefining Unicode character on input line 882.


(C:\Users\cdhro\AppData\Local\Programs\MiKTeX\tex/latex/upquote\upquote.sty
Package: upquote 2012/04/19 v1.3 upright-quote and grave-accent glyphs in verba
tim

(C:\Users\cdhro\AppData\Local\Programs\MiKTeX\tex/latex/base\textcomp.sty
Package: textcomp 2024/04/24 v2.1b Standard LaTeX package
))
\LWR@templengthone=\skip51
\LWR@templengthtwo=\skip52
\LWR@templengththree=\skip53
\c@LWR@tempcountone=\count286
\c@LWR@texboxdepth=\count287

(C:\Users\cdhro\AppData\Local\Programs\MiKTeX\tex/latex/kvoptions\kvoptions.sty
Package: kvoptions 2022-06-15 v3.15 Key value format for package options (HO)
(C:\Users\cdhro\AppData\Local\Programs\MiKTeX\tex/latex/graphics\keyval.sty
Package: keyval 2022/05/29 v1.15 key=value parser (DPC)
\KV@toks@=\toks19
)
(C:\Users\cdhro\AppData\Local\Programs\MiKTeX\tex/latex/kvsetkeys\kvsetkeys.sty
Package: kvsetkeys 2022-10-05 v1.19 Key value parser (HO)
))
Package lwarp Info: Using option 'mathjax' on input line 1241.
 (C:\Users\cdhro\AppData\Local\Programs\MiKTeX\tex/latex/comment\comment.sty
\CommentStream=\write3

Excluding comment 'comment') Lwarp: Including comment 'warpall'
Lwarp: Excluding comment 'warpHTML' Lwarp: Including comment 'warpprint'
Including 'warpprint' comment.
\openout3 = `comment_print.cut'.

 Straight input of comment_print.cut.
(comment_print.cut Lwarp: Excluding comment 'warpMathJax')
Excluding 'warpHTML' comment. Including 'warpprint' comment.
\openout3 = `comment_print.cut'.


Straight input of comment_print.cut. (comment_print.cut
Lwarp: Including comment 'warpsvg') Excluding 'warpHTML' comment.
Lwarp: Excluding comment 'LWRcreatelwarpmk' Excluding 'warpHTML' comment.
Excluding 'warpHTML' comment. Including 'warpall' comment.
\openout3 = `comment_all.cut'.


Straight input of comment_all.cut. (comment_all.cut
(C:\Users\cdhro\AppData\Local\Programs\MiKTeX\tex/latex/tools\calc.sty
Package: calc 2025/03/01 v4.3b Infix arithmetic (KKT,FJ)
\calc@Acount=\count288
\calc@Bcount=\count289
\calc@Adimen=\dimen149
\calc@Bdimen=\dimen150
\calc@Askip=\skip54
\calc@Bskip=\skip55
LaTeX Info: Redefining \setlength on input line 86.
LaTeX Info: Redefining \addtolength on input line 87.
\calc@Ccount=\count290
\calc@Cskip=\skip56
))
Excluding 'warpHTML' comment. Including 'warpall' comment.
\openout3 = `comment_all.cut'.


Straight input of comment_all.cut. (comment_all.cut)
Excluding 'warpHTML' comment. Including 'warpall' comment.
\openout3 = `comment_all.cut'.


Straight input of comment_all.cut. (comment_all.cut
(C:\Users\cdhro\AppData\Local\Programs\MiKTeX\tex/latex/xstring\xstring.sty
(C:\Users\cdhro\AppData\Local\Programs\MiKTeX\tex/generic/xstring\xstring.tex
\xs_counta=\count291
\xs_countb=\count292
)
Package: xstring 2023/08/22 v1.86 String manipulations (CT)
) (C:\Users\cdhro\AppData\Local\Programs\MiKTeX\tex/latex/environ\environ.sty
Package: environ 2014/05/04 v0.3 A new way to define environments

(C:\Users\cdhro\AppData\Local\Programs\MiKTeX\tex/latex/trimspaces\trimspaces.s
ty
Package: trimspaces 2009/09/17 v1.1 Trim spaces around a token list
)
\@envbody=\toks20
)) Excluding 'warpHTML' comment. Including 'warpall' comment.
\openout3 = `comment_all.cut'.


Straight input of comment_all.cut. (comment_all.cut)
Excluding 'warpHTML' comment. Including 'warpall' comment.
\openout3 = `comment_all.cut'.


Straight input of comment_all.cut. (comment_all.cut
\LWR@quickfile=\write4
)
Excluding 'warpHTML' comment. Excluding 'warpHTML' comment.
Excluding 'warpHTML' comment. Including 'warpall' comment.
\openout3 = `comment_all.cut'.


Straight input of comment_all.cut. (comment_all.cut)
Including 'warpall' comment.
\openout3 = `comment_all.cut'.

 Straight input of comment_all.cut.
(comment_all.cut) Excluding 'warpHTML' comment. Including 'warpall' comment.
\openout3 = `comment_all.cut'.


Straight input of comment_all.cut. (comment_all.cut)
Excluding 'warpHTML' comment. Excluding 'warpHTML' comment.
Excluding 'warpHTML' comment. Lwarp: Excluding comment 'LWRwriteconf'
Including 'warpprint' comment.
\openout3 = `comment_print.cut'.

 Straight input of comment_print.cut.
(comment_print.cut
Package lwarp Info: Generating lwarp configuration files, on input line 12.
 Lwarp: Including comment 'LWRwriteconf')
Including 'LWRwriteconf' comment.
\openout3 = `comment_writeconf.cut'.

 Straight input of comment_writeconf.cut.
(comment_writeconf.cut
\openout4 = `stm0005-notes_html.tex'.

) Including 'LWRwriteconf' comment.
\openout3 = `comment_writeconf.cut'.


Straight input of comment_writeconf.cut. (comment_writeconf.cut)
Including 'LWRwriteconf' comment.
\openout3 = `comment_writeconf.cut'.

 Straight input of comment_writeconf.cut.
(comment_writeconf.cut) Including 'LWRwriteconf' comment.
\openout3 = `comment_writeconf.cut'.


Straight input of comment_writeconf.cut. (comment_writeconf.cut)
Including 'LWRwriteconf' comment.
\openout3 = `comment_writeconf.cut'.

 Straight input of comment_writeconf.cut.
(comment_writeconf.cut

LaTeX Warning: Writing or overwriting file `lwarp.css'.

\openout15 = `lwarp.css'.


) Including 'LWRwriteconf' comment.
\openout3 = `comment_writeconf.cut'.

 Straight input of comment_writeconf.cut.
(comment_writeconf.cut

LaTeX Warning: Writing or overwriting file `lwarp_sagebrush.css'.

\openout15 = `lwarp_sagebrush.css'.


) Including 'LWRwriteconf' comment.
\openout3 = `comment_writeconf.cut'.

 Straight input of comment_writeconf.cut.
(comment_writeconf.cut

LaTeX Warning: Writing or overwriting file `lwarp_formal.css'.

\openout15 = `lwarp_formal.css'.


) Including 'LWRwriteconf' comment.
\openout3 = `comment_writeconf.cut'.

 Straight input of comment_writeconf.cut.
(comment_writeconf.cut

LaTeX Warning: Writing or overwriting file `sample_project.css'.

\openout15 = `sample_project.css'.


) Including 'LWRwriteconf' comment.
\openout3 = `comment_writeconf.cut'.

 Straight input of comment_writeconf.cut.
(comment_writeconf.cut

LaTeX Warning: Writing or overwriting file `lwarp.ist'.

\openout15 = `lwarp.ist'.


) Including 'LWRwriteconf' comment.
\openout3 = `comment_writeconf.cut'.

 Straight input of comment_writeconf.cut.
(comment_writeconf.cut

LaTeX Warning: Writing or overwriting file `lwarp.xdy'.

\openout15 = `lwarp.xdy'.


) Including 'LWRwriteconf' comment.
\openout3 = `comment_writeconf.cut'.

 Straight input of comment_writeconf.cut.
(comment_writeconf.cut
\openout4 = `lwarp_one_limage.txt'.

) Including 'LWRwriteconf' comment.
\openout3 = `comment_writeconf.cut'.


Straight input of comment_writeconf.cut. (comment_writeconf.cut

LaTeX Warning: Writing or overwriting file `lwarp_mathjax.txt'.

\openout15 = `lwarp_mathjax.txt'.


) Excluding 'LWRcreatelwarpmk' comment. Excluding 'warpHTML' comment.
Excluding 'warpHTML' comment. Including 'warpall' comment.
\openout3 = `comment_all.cut'.


Straight input of comment_all.cut. (comment_all.cut)
Excluding 'warpHTML' comment. Including 'warpall' comment.
\openout3 = `comment_all.cut'.


Straight input of comment_all.cut. (comment_all.cut)
Excluding 'warpHTML' comment. Including 'warpall' comment.
\openout3 = `comment_all.cut'.


Straight input of comment_all.cut. (comment_all.cut)
Excluding 'warpHTML' comment. Including 'warpall' comment.
\openout3 = `comment_all.cut'.


Straight input of comment_all.cut. (comment_all.cut)
Excluding 'warpHTML' comment. Including 'warpprint' comment.
\openout3 = `comment_print.cut'.


Straight input of comment_print.cut. (comment_print.cut)
Excluding 'warpHTML' comment. Including 'warpall' comment.
\openout3 = `comment_all.cut'.


Straight input of comment_all.cut. (comment_all.cut)
Including 'warpprint' comment.
\openout3 = `comment_print.cut'.

 Straight input of comment_print.cut.
(comment_print.cut) Excluding 'warpHTML' comment.
Excluding 'warpHTML' comment. Including 'warpprint' comment.
\openout3 = `comment_print.cut'.


Straight input of comment_print.cut. (comment_print.cut)
Excluding 'warpHTML' comment. Excluding 'warpHTML' comment.
Excluding 'warpHTML' comment. Including 'warpall' comment.
\openout3 = `comment_all.cut'.


Straight input of comment_all.cut. (comment_all.cut)
Excluding 'warpHTML' comment. Including 'warpall' comment.
\openout3 = `comment_all.cut'.


Straight input of comment_all.cut. (comment_all.cut)
Excluding 'warpHTML' comment. Including 'warpall' comment.
\openout3 = `comment_all.cut'.


Straight input of comment_all.cut. (comment_all.cut)
Excluding 'warpHTML' comment. Including 'warpall' comment.
\openout3 = `comment_all.cut'.


Straight input of comment_all.cut. (comment_all.cut)
Excluding 'warpHTML' comment. Excluding 'warpHTML' comment.
Excluding 'warpHTML' comment. Excluding 'warpHTML' comment.
Excluding 'warpHTML' comment. Including 'warpall' comment.
\openout3 = `comment_all.cut'.


Straight input of comment_all.cut. (comment_all.cut)
Excluding 'warpHTML' comment. Including 'warpprint' comment.
\openout3 = `comment_print.cut'.


Straight input of comment_print.cut. (comment_print.cut)
Excluding 'warpHTML' comment. Including 'warpprint' comment.
\openout3 = `comment_print.cut'.


Straight input of comment_print.cut. (comment_print.cut)
Excluding 'warpHTML' comment. Including 'warpall' comment.
\openout3 = `comment_all.cut'.


Straight input of comment_all.cut. (comment_all.cut)
Including 'warpall' comment.
\openout3 = `comment_all.cut'.

 Straight input of comment_all.cut.
(comment_all.cut
\c@FootnoteDepth=\count293
\c@footnoteReset=\count294
) Excluding 'warpHTML' comment. Excluding 'warpHTML' comment.
Including 'warpprint' comment.
\openout3 = `comment_print.cut'.

 Straight input of comment_print.cut.
(comment_print.cut)
\c@LWR@currentautosecpage=\count295
\c@LWR@currentautosecfloatpage=\count296
\c@LWR@previousautopagelabel=\count297
 Including 'warpall' comment.
\openout3 = `comment_all.cut'.


Straight input of comment_all.cut. (comment_all.cut
\c@FileDepth=\count298
)
Excluding 'warpHTML' comment. Excluding 'warpMathJax' comment.
Excluding 'warpMathJax' comment. Excluding 'warpHTML' comment.
Including 'warpprint' comment.
\openout3 = `comment_print.cut'.

 Straight input of comment_print.cut.
(comment_print.cut) Excluding 'warpHTML' comment.
Excluding 'warpHTML' comment. Including 'warpprint' comment.
\openout3 = `comment_print.cut'.


Straight input of comment_print.cut. (comment_print.cut)
Excluding 'warpHTML' comment. Including 'warpall' comment.
\openout3 = `comment_all.cut'.


Straight input of comment_all.cut. (comment_all.cut)
Excluding 'warpHTML' comment. Excluding 'warpHTML' comment.
Excluding 'warpHTML' comment. Including 'warpall' comment.
\openout3 = `comment_all.cut'.


Straight input of comment_all.cut. (comment_all.cut)
Including 'warpall' comment.
\openout3 = `comment_all.cut'.

 Straight input of comment_all.cut.
(comment_all.cut) Including 'warpprint' comment.
\openout3 = `comment_print.cut'.


Straight input of comment_print.cut. (comment_print.cut)
Excluding 'warpHTML' comment. Including 'warpprint' comment.
\openout3 = `comment_print.cut'.


Straight input of comment_print.cut. (comment_print.cut)
Excluding 'warpHTML' comment. Excluding 'warpHTML' comment.
Including 'warpprint' comment.
\openout3 = `comment_print.cut'.

 Straight input of comment_print.cut.
(comment_print.cut) Excluding 'warpHTML' comment. Including 'warpall' comment.
\openout3 = `comment_all.cut'.


Straight input of comment_all.cut. (comment_all.cut)
Excluding 'warpHTML' comment. Including 'warpall' comment.
\openout3 = `comment_all.cut'.


Straight input of comment_all.cut. (comment_all.cut)
Excluding 'warpHTML' comment. Excluding 'warpHTML' comment.
Excluding 'warpHTML' comment. Including 'warpall' comment.
\openout3 = `comment_all.cut'.


Straight input of comment_all.cut. (comment_all.cut
\HTMLvleftskip=\skip57
\HTMLleftmargini=\skip58
)
Including 'warpall' comment.
\openout3 = `comment_all.cut'.

 Straight input of comment_all.cut.
(comment_all.cut
\VerbatimHTMLWidth=\skip59
) Excluding 'warpHTML' comment. Excluding 'warpHTML' comment.
Excluding 'warpHTML' comment. Excluding 'warpHTML' comment.
Excluding 'warpHTML' comment. Including 'warpprint' comment.
\openout3 = `comment_print.cut'.


Straight input of comment_print.cut. (comment_print.cut)
Excluding 'warpHTML' comment. Excluding 'warpHTML' comment.
Including 'warpall' comment.
\openout3 = `comment_all.cut'.

 Straight input of comment_all.cut.
(comment_all.cut) Excluding 'warpHTML' comment. Including 'warpall' comment.
\openout3 = `comment_all.cut'.


Straight input of comment_all.cut. (comment_all.cut)
Excluding 'warpHTML' comment. Including 'warpprint' comment.
\openout3 = `comment_print.cut'.


Straight input of comment_print.cut. (comment_print.cut)
Excluding 'warpHTML' comment. Including 'warpall' comment.
\openout3 = `comment_all.cut'.


Straight input of comment_all.cut. (comment_all.cut)
Including 'warpall' comment.
\openout3 = `comment_all.cut'.

 Straight input of comment_all.cut.
(comment_all.cut) Excluding 'warpHTML' comment. Excluding 'warpHTML' comment.
Excluding 'warpHTML' comment. Excluding 'warpHTML' comment.
Including 'warpall' comment.
\openout3 = `comment_all.cut'.

 Straight input of comment_all.cut.
(comment_all.cut
\c@SideTOCDepth=\count299
) Excluding 'warpHTML' comment. Excluding 'warpHTML' comment.
Including 'warpprint' comment.
\openout3 = `comment_print.cut'.

 Straight input of comment_print.cut.
(comment_print.cut) Including 'warpall' comment.
\openout3 = `comment_all.cut'.


Straight input of comment_all.cut. (comment_all.cut)
Excluding 'warpHTML' comment. Excluding 'warpHTML' comment.
Excluding 'warpHTML' comment. Including 'warpall' comment.
\openout3 = `comment_all.cut'.


Straight input of comment_all.cut. (comment_all.cut)
Excluding 'warpHTML' comment. Including 'warpprint' comment.
\openout3 = `comment_print.cut'.


Straight input of comment_print.cut. (comment_print.cut)
Excluding 'warpHTML' comment. Excluding 'warpHTML' comment.
Including 'warpall' comment.
\openout3 = `comment_all.cut'.

 Straight input of comment_all.cut.
(comment_all.cut) Excluding 'warpHTML' comment. Including 'warpprint' comment.
\openout3 = `comment_print.cut'.


Straight input of comment_print.cut. (comment_print.cut)
Excluding 'warpHTML' comment. Excluding 'warpHTML' comment.
Excluding 'warpHTML' comment. Including 'warpprint' comment.
\openout3 = `comment_print.cut'.


Straight input of comment_print.cut. (comment_print.cut)
Including 'warpprint' comment.
\openout3 = `comment_print.cut'.

 Straight input of comment_print.cut.
(comment_print.cut) Including 'warpall' comment.
\openout3 = `comment_all.cut'.


Straight input of comment_all.cut. (comment_all.cut)
Including 'warpprint' comment.
\openout3 = `comment_print.cut'.

 Straight input of comment_print.cut.
(comment_print.cut) Excluding 'warpHTML' comment.
Excluding 'warpHTML' comment. Excluding 'warpHTML' comment.
Excluding 'warpHTML' comment. Including 'warpprint' comment.
\openout3 = `comment_print.cut'.


Straight input of comment_print.cut. (comment_print.cut)
Excluding 'warpHTML' comment. Including 'warpall' comment.
\openout3 = `comment_all.cut'.


Straight input of comment_all.cut. (comment_all.cut)
Excluding 'warpHTML' comment. Including 'warpall' comment.
\openout3 = `comment_all.cut'.


Straight input of comment_all.cut. (comment_all.cut
\LWR@fminipagebox=\box53
)
Excluding 'warpHTML' comment. Including 'warpall' comment.
\openout3 = `comment_all.cut'.


Straight input of comment_all.cut. (comment_all.cut)
Excluding 'warpHTML' comment. Including 'warpprint' comment.
\openout3 = `comment_print.cut'.


Straight input of comment_print.cut. (comment_print.cut)
Excluding 'warpHTML' comment. Excluding 'warpHTML' comment.
Including 'warpall' comment.
\openout3 = `comment_all.cut'.

 Straight input of comment_all.cut.
(comment_all.cut) Excluding 'warpHTML' comment. Excluding 'warpHTML' comment.
Excluding 'warpHTML' comment. Excluding 'warpHTML' comment.
Excluding 'warpHTML' comment. Excluding 'warpHTML' comment.
Excluding 'warpHTML' comment. Including 'warpprint' comment.
\openout3 = `comment_print.cut'.


Straight input of comment_print.cut. (comment_print.cut)
Excluding 'warpHTML' comment. Excluding 'warpHTML' comment.
Excluding 'warpHTML' comment. Excluding 'warpHTML' comment.
Excluding 'warpHTML' comment.)
(C:\Users\cdhro\AppData\Local\Programs\MiKTeX\tex/latex/tocbibind\tocbibind.sty
Package: tocbibind 2010/10/13 v1.5k extra ToC listings
Package tocbibind Info: The document has chapter divisions on input line 50.

Package tocbibind Note: Using chapter style headings, unless overridden.

) (C:\Users\cdhro\AppData\Local\Programs\MiKTeX\tex/latex/amsmath\amsmath.sty
Package: amsmath 2025/07/09 v2.17z AMS math features
\@mathmargin=\skip60

For additional information on amsmath, use the `?' option.
(C:\Users\cdhro\AppData\Local\Programs\MiKTeX\tex/latex/amsmath\amstext.sty
Package: amstext 2024/11/17 v2.01 AMS text

(C:\Users\cdhro\AppData\Local\Programs\MiKTeX\tex/latex/amsmath\amsgen.sty
File: amsgen.sty 1999/11/30 v2.0 generic functions
\@emptytoks=\toks21
\ex@=\dimen151
))
(C:\Users\cdhro\AppData\Local\Programs\MiKTeX\tex/latex/amsmath\amsbsy.sty
Package: amsbsy 1999/11/29 v1.2d Bold Symbols
\pmbraise@=\dimen152
)
(C:\Users\cdhro\AppData\Local\Programs\MiKTeX\tex/latex/amsmath\amsopn.sty
Package: amsopn 2022/04/08 v2.04 operator names
)
\inf@bad=\count300
LaTeX Info: Redefining \frac on input line 233.
\uproot@=\count301
\leftroot@=\count302
LaTeX Info: Redefining \overline on input line 398.
LaTeX Info: Redefining \colon on input line 409.
\classnum@=\count303
\DOTSCASE@=\count304
LaTeX Info: Redefining \ldots on input line 495.
LaTeX Info: Redefining \dots on input line 498.
LaTeX Info: Redefining \cdots on input line 619.
\Mathstrutbox@=\box54
\strutbox@=\box55
LaTeX Info: Redefining \big on input line 721.
LaTeX Info: Redefining \Big on input line 722.
LaTeX Info: Redefining \bigg on input line 723.
LaTeX Info: Redefining \Bigg on input line 724.
\big@size=\dimen153
LaTeX Font Info:    Redeclaring font encoding OML on input line 742.
LaTeX Font Info:    Redeclaring font encoding OMS on input line 743.
\macc@depth=\count305
LaTeX Info: Redefining \bmod on input line 904.
LaTeX Info: Redefining \pmod on input line 909.
LaTeX Info: Redefining \smash on input line 939.
LaTeX Info: Redefining \relbar on input line 969.
LaTeX Info: Redefining \Relbar on input line 970.
\c@MaxMatrixCols=\count306
\dotsspace@=\muskip17
\c@parentequation=\count307
\dspbrk@lvl=\count308
\tag@help=\toks22
\row@=\count309
\column@=\count310
\maxfields@=\count311
\andhelp@=\toks23
\eqnshift@=\dimen154
\alignsep@=\dimen155
\tagshift@=\dimen156
\tagwidth@=\dimen157
\totwidth@=\dimen158
\lineht@=\dimen159
\@envbody=\toks24
\multlinegap=\skip61
\multlinetaggap=\skip62
\mathdisplay@stack=\toks25
LaTeX Info: Redefining \[ on input line 2950.
LaTeX Info: Redefining \] on input line 2951.
)
(C:\Users\cdhro\AppData\Local\Programs\MiKTeX\tex/latex/amsfonts\amssymb.sty
Package: amssymb 2013/01/14 v3.01 AMS font symbols

(C:\Users\cdhro\AppData\Local\Programs\MiKTeX\tex/latex/amsfonts\amsfonts.sty
Package: amsfonts 2013/01/14 v3.01 Basic AMSFonts support
\symAMSa=\mathgroup4
\symAMSb=\mathgroup5
LaTeX Font Info:    Redeclaring math symbol \hbar on input line 98.
LaTeX Font Info:    Overwriting math alphabet `\mathfrak' in version `bold'
(Font)                  U/euf/m/n --> U/euf/b/n on input line 106.
)) (calum_lecture.sty
Package: calum_lecture 

(C:\Users\cdhro\AppData\Local\Programs\MiKTeX\tex/latex/microtype\microtype.sty
Package: microtype 2025/07/09 v3.2b Micro-typographical refinements (RS)
\MT@toks=\toks26
\MT@tempbox=\box56
\MT@count=\count312
LaTeX Info: Redefining \noprotrusionifhmode on input line 1087.
LaTeX Info: Redefining \leftprotrusion on input line 1088.
\MT@prot@toks=\toks27
LaTeX Info: Redefining \rightprotrusion on input line 1107.
LaTeX Info: Redefining \textls on input line 1449.
\MT@outer@kern=\dimen160
LaTeX Info: Redefining \microtypecontext on input line 2053.
LaTeX Info: Redefining \textmicrotypecontext on input line 2070.
\MT@listname@count=\count313

(C:\Users\cdhro\AppData\Local\Programs\MiKTeX\tex/latex/microtype\microtype-pdf
tex.def
File: microtype-pdftex.def 2025/07/09 v3.2b Definitions specific to pdftex (RS)

LaTeX Info: Redefining \lsstyle on input line 944.
LaTeX Info: Redefining \lslig on input line 944.
\MT@outer@space=\skip63
)
Package microtype Info: Loading configuration file microtype.cfg.

(C:\Users\cdhro\AppData\Local\Programs\MiKTeX\tex/latex/microtype\microtype.cfg
File: microtype.cfg 2025/07/09 v3.2b microtype main configuration file (RS)
)
LaTeX Info: Redefining \microtypesetup on input line 3065.
)
(C:\Users\cdhro\AppData\Local\Programs\MiKTeX\tex/latex/epigraph\epigraph.sty
Package: epigraph 2020/01/02 v1.5e typesetting epigraphs

(C:\Users\cdhro\AppData\Local\Programs\MiKTeX\tex/latex/nextpage\nextpage.sty
Package: nextpage 2009/09/03 v1.1a additional page commands
)
\beforeepigraphskip=\skip64
\afterepigraphskip=\skip65
\epigraphwidth=\skip66
\epigraphrule=\skip67
) (C:\Users\cdhro\AppData\Local\Programs\MiKTeX\tex/latex/graphics\graphicx.sty
Package: graphicx 2024/12/31 v1.2e Enhanced LaTeX Graphics (DPC,SPQR)

(C:\Users\cdhro\AppData\Local\Programs\MiKTeX\tex/latex/graphics\graphics.sty
Package: graphics 2024/08/06 v1.4g Standard LaTeX Graphics (DPC,SPQR)

(C:\Users\cdhro\AppData\Local\Programs\MiKTeX\tex/latex/graphics\trig.sty
Package: trig 2023/12/02 v1.11 sin cos tan (DPC)
)
(C:\Users\cdhro\AppData\Local\Programs\MiKTeX\tex/latex/graphics-cfg\graphics.c
fg
File: graphics.cfg 2016/06/04 v1.11 sample graphics configuration
)
Package graphics Info: Driver file: pdftex.def on input line 106.

(C:\Users\cdhro\AppData\Local\Programs\MiKTeX\tex/latex/graphics-def\pdftex.def
File: pdftex.def 2025/09/29 v1.2d Graphics/color driver for pdftex
))
\Gin@req@height=\dimen161
\Gin@req@width=\dimen162
) (C:\Users\cdhro\AppData\Local\Programs\MiKTeX\tex/latex/natbib\natbib.sty
Package: natbib 2010/09/13 8.31b (PWD, AO)
\bibhang=\skip68
\bibsep=\skip69
LaTeX Info: Redefining \cite on input line 694.
\c@NAT@ctr=\count314
)
(C:\Users\cdhro\AppData\Local\Programs\MiKTeX\tex/latex/was\upgreek.sty
Package: upgreek 2003/02/12 v2.0 (WaS)
Package upgreek Info: Using Adobe Symbol, scaled 900, for upright Greek on inpu
t line 85.
\symugrf@m=\mathgroup6
)
(C:\Users\cdhro\AppData\Local\Programs\MiKTeX\tex/latex/glossaries/base\glossar
ies.sty
Package: glossaries 2025/11/09 v4.9 (NLCT)
 (C:\Users\cdhro\AppData\Local\Programs\MiKTeX\tex/latex/base\ifthen.sty
Package: ifthen 2024/03/16 v1.1e Standard LaTeX ifthen package (DPC)
) (C:\Users\cdhro\AppData\Local\Programs\MiKTeX\tex/latex/xkeyval\xkeyval.sty
Package: xkeyval 2022/06/16 v2.9 package option processing (HA)

(C:\Users\cdhro\AppData\Local\Programs\MiKTeX\tex/generic/xkeyval\xkeyval.tex
(C:\Users\cdhro\AppData\Local\Programs\MiKTeX\tex/generic/xkeyval\xkvutils.tex
\XKV@toks=\toks28
\XKV@tempa@toks=\toks29
)
\XKV@depth=\count315
File: xkeyval.tex 2014/12/03 v2.7a key=value parser (HA)
))
(C:\Users\cdhro\AppData\Local\Programs\MiKTeX\tex/latex/mfirstuc\mfirstuc.sty
Package: mfirstuc 2025/04/03 v2.09 (NLCT)
\@glsmfirst=\toks30
\@glsmrest=\toks31
)
(C:\Users\cdhro\AppData\Local\Programs\MiKTeX\tex/latex/xfor\xfor.sty
Package: xfor 2009/02/05 v1.05 (NLCT)
)
(C:\Users\cdhro\AppData\Local\Programs\MiKTeX\tex/latex/datatool\datatool-base.
sty
Package: datatool-base 2025/12/04 v3.4.3 (NLCT)

(C:\Users\cdhro\AppData\Local\Programs\MiKTeX\tex/latex/tracklang\tracklang.sty
Package: tracklang 2025/03/11 v1.6.6 (NLCT) Track Languages

(C:\Users\cdhro\AppData\Local\Programs\MiKTeX\tex/generic/tracklang\tracklang.t
ex))
\l__datatool_tmpa_int=\count316
\l__datatool_tmpb_int=\count317
\l__datatool_tmpc_int=\count318
\l__datatool_tmpd_int=\count319
\l__datatool_count_int=\count320
\l__datatool_tmp_datatype_int=\count321
\l__datatool_tmpa_dim=\dimen163
\l__datatool_tmpb_dim=\dimen164

(C:\Users\cdhro\AppData\Local\Programs\MiKTeX\tex/latex/datatool\datatool-l3fp.
def
File: datatool-l3fp.def 2025/12/04 v3.4.3 (NLCT)
)
\@dtl@toks=\toks32
\@dtl@tmpcount=\count322
\dtl@tmplength=\skip70
\l__datatool_measure_box=\box57
\dtl@sortresult=\count323

(C:\Users\cdhro\AppData\Local\Programs\MiKTeX\tex/latex/datatool\datatool-utf8.
ldf
File: datatool-utf8.ldf 2025/12/04 v3.4.3 (NLCT)
)
\@dtl@datatype=\count324
\c_datatool_unknown_int=\count325
\l__datatool_year_int=\count326
\l__datatool_month_int=\count327
\l__datatool_day_int=\count328
\l__datatool_hour_int=\count329
\l__datatool_minute_int=\count330
\l__datatool_second_int=\count331
\l__datatool_tzhour_int=\count332
\l__datatool_tzminute_int=\count333
\l__datatool_julian_int=\count334
\l__datatool_local_julian_int=\count335
\l__datatool_prefix_int=\count336
\l__datatool_suffix_int=\count337
\@dtl@foreach@level=\count338
\dtl@codeA=\count339
\dtl@codeB=\count340
)
\gls@level=\count341
\@gls@tmpb=\toks33
\gls@tmplen=\skip71
\l__glossaries_tmpa_dim=\dimen165
\l__glossaries_tmpb_dim=\dimen166
\glskeylisttok=\toks34
\glslabeltok=\toks35
\glsshorttok=\toks36
\glslongtok=\toks37

(C:\Users\cdhro\AppData\Local\Programs\MiKTeX\tex/latex/glossaries/styles\gloss
ary-hypernav.sty
Package: glossary-hypernav 2025/11/09 v4.9 (NLCT)
)
(C:\Users\cdhro\AppData\Local\Programs\MiKTeX\tex/latex/glossaries/styles\gloss
ary-list.sty
Package: glossary-list 2025/11/09 v4.9 (NLCT)
\glslistdottedwidth=\skip72
)
(C:\Users\cdhro\AppData\Local\Programs\MiKTeX\tex/latex/glossaries/styles\gloss
ary-long.sty
Package: glossary-long 2025/11/09 v4.9 (NLCT)

(C:\Users\cdhro\AppData\Local\Programs\MiKTeX\tex/latex/tools\longtable.sty
Package: longtable 2025-10-13 v4.24 Multi-page Table package (DPC)
\LTleft=\skip73
\LTright=\skip74
\LTpre=\skip75
\LTpost=\skip76
\LTchunksize=\count342
\LTcapwidth=\dimen167
\LT@head=\box58
\LT@firsthead=\box59
\LT@foot=\box60
\LT@lastfoot=\box61
\LT@gbox=\box62
\LT@cols=\count343
\LT@rows=\count344
\c@LT@tables=\count345
\c@LT@chunks=\count346
\LT@p@ftn=\toks38
)
\glsdescwidth=\skip77
\glspagelistwidth=\skip78
)
(C:\Users\cdhro\AppData\Local\Programs\MiKTeX\tex/latex/glossaries/styles\gloss
ary-super.sty
Package: glossary-super 2025/11/09 v4.9 (NLCT)

(C:\Users\cdhro\AppData\Local\Programs\MiKTeX\tex/latex/supertabular\supertabul
ar.sty
Package: supertabular 2025/06/26 v4.2d the supertabular environment
\c@tracingst=\count347
\ST@wd=\dimen168
\ST@rightskip=\skip79
\ST@leftskip=\skip80
\ST@parfillskip=\skip81
\ST@pageleft=\dimen169
\ST@headht=\dimen170
\ST@tailht=\dimen171
\ST@pagesofar=\dimen172
\ST@pboxht=\dimen173
\ST@rowht=\dimen174
\ST@prevht=\dimen175
\ST@toadd=\dimen176
\ST@dimen=\dimen177
\ST@pbox=\box63
))
(C:\Users\cdhro\AppData\Local\Programs\MiKTeX\tex/latex/glossaries/styles\gloss
ary-tree.sty
Package: glossary-tree 2025/11/09 v4.9 (NLCT)
\l__glossaries_tree_max_known_level_int=\count348
\l__glossaries_tree_offset_dim=\dimen178
\l__glossaries_tree_namewidth_dim=\dimen179
\l__glossaries_tree_symbolwidth_dim=\dimen180
\l__glossaries_tree_prenamesym_width_dim=\dimen181
\l__glossaries_tree_presubnamesym_width_dim=\dimen182
\l__glossaries_tree_namewidth_padding_dim=\dimen183
\l__glossaries_tree_symbolwidth_padding_dim=\dimen184
\l__glossaries_tree_namesymbolwidth_dim=\dimen185
\l__glossaries_tree_namesymbolwidth_padding_dim=\dimen186
\l__glossaries_tree_level_int=\count349
\glstreeindent=\skip82
))
(C:\Users\cdhro\AppData\Local\Programs\MiKTeX\tex/latex/appendix\appendix.sty
Package: appendix 2020/02/08 v1.2c extra appendix facilities
\c@@pps=\count350
\c@@ppsavesec=\count351
\c@@ppsaveapp=\count352
)
(C:\Users\cdhro\AppData\Local\Programs\MiKTeX\tex/latex/ulem\ulem.sty
\UL@box=\box64
\UL@hyphenbox=\box65
\UL@skip=\skip83
\UL@hook=\toks39
\UL@height=\dimen187
\UL@pe=\count353
\UL@pixel=\dimen188
\ULC@box=\box66
Package: ulem 2019/11/18
\ULdepth=\dimen189
)
(C:\Users\cdhro\AppData\Local\Programs\MiKTeX\tex/latex/cancel\cancel.sty
Package: cancel 2013/04/12 v2.2 Cancel math terms
)
(C:\Users\cdhro\AppData\Local\Programs\MiKTeX\tex/latex/amsmath\amscd.sty
Package: amscd 2017/04/14 v2.1 AMS Commutative Diagrams
\athelp@=\toks40
\minaw@=\dimen190
\bigaw@=\dimen191
\minCDarrowwidth=\dimen192
)
(C:\Users\cdhro\AppData\Local\Programs\MiKTeX\tex/latex/amscls\amsthm.sty
Package: amsthm 2020/05/29 v2.20.6
\thm@style=\toks41
\thm@bodyfont=\toks42
\thm@headfont=\toks43
\thm@notefont=\toks44
\thm@headpunct=\toks45
\thm@preskip=\skip84
\thm@postskip=\skip85
\thm@headsep=\skip86
\dth@everypar=\toks46
)
(C:\Users\cdhro\AppData\Local\Programs\MiKTeX\tex/latex/caption\caption.sty
Package: caption 2023/08/05 v3.6o Customizing captions (AR)

(C:\Users\cdhro\AppData\Local\Programs\MiKTeX\tex/latex/caption\caption3.sty
Package: caption3 2023/07/31 v2.4d caption3 kernel (AR)
\caption@tempdima=\dimen193
\captionmargin=\dimen194
\caption@leftmargin=\dimen195
\caption@rightmargin=\dimen196
\caption@width=\dimen197
\caption@indent=\dimen198
\caption@parindent=\dimen199
\caption@hangindent=\dimen256
Package caption Info: Standard document class detected.
)
\c@caption@flags=\count354
\c@continuedfloat=\count355
Package caption Info: longtable package is loaded.

(C:\Users\cdhro\AppData\Local\Programs\MiKTeX\tex/latex/caption\ltcaption.sty
Package: ltcaption 2021/01/08 v1.4c longtable captions (AR)
)
Package caption Info: supertabular package is loaded.
)
(C:\Users\cdhro\AppData\Local\Programs\MiKTeX\tex/latex/pgf/frontendlayer\tikz.
sty
(C:\Users\cdhro\AppData\Local\Programs\MiKTeX\tex/latex/pgf/basiclayer\pgf.sty
(C:\Users\cdhro\AppData\Local\Programs\MiKTeX\tex/latex/pgf/utilities\pgfrcs.st
y
(C:\Users\cdhro\AppData\Local\Programs\MiKTeX\tex/generic/pgf/utilities\pgfutil
-common.tex
\pgfutil@everybye=\toks47
\pgfutil@tempdima=\dimen257
\pgfutil@tempdimb=\dimen258
)
(C:\Users\cdhro\AppData\Local\Programs\MiKTeX\tex/generic/pgf/utilities\pgfutil
-latex.def
\pgfutil@abb=\box67
)
(C:\Users\cdhro\AppData\Local\Programs\MiKTeX\tex/generic/pgf/utilities\pgfrcs.
code.tex
(C:\Users\cdhro\AppData\Local\Programs\MiKTeX\tex/generic/pgf\pgf.revision.tex)
Package: pgfrcs 2025-08-29 v3.1.11a (3.1.11a)
))
Package: pgf 2025-08-29 v3.1.11a (3.1.11a)

(C:\Users\cdhro\AppData\Local\Programs\MiKTeX\tex/latex/pgf/basiclayer\pgfcore.
sty
(C:\Users\cdhro\AppData\Local\Programs\MiKTeX\tex/latex/pgf/systemlayer\pgfsys.
sty
(C:\Users\cdhro\AppData\Local\Programs\MiKTeX\tex/generic/pgf/systemlayer\pgfsy
s.code.tex
Package: pgfsys 2025-08-29 v3.1.11a (3.1.11a)

(C:\Users\cdhro\AppData\Local\Programs\MiKTeX\tex/generic/pgf/utilities\pgfkeys
.code.tex
\pgfkeys@pathtoks=\toks48
\pgfkeys@temptoks=\toks49

(C:\Users\cdhro\AppData\Local\Programs\MiKTeX\tex/generic/pgf/utilities\pgfkeys
libraryfiltered.code.tex
\pgfkeys@tmptoks=\toks50
))
\pgf@x=\dimen259
\pgf@y=\dimen260
\pgf@xa=\dimen261
\pgf@ya=\dimen262
\pgf@xb=\dimen263
\pgf@yb=\dimen264
\pgf@xc=\dimen265
\pgf@yc=\dimen266
\pgf@xd=\dimen267
\pgf@yd=\dimen268
\w@pgf@writea=\write5
\r@pgf@reada=\read2
\c@pgf@counta=\count356
\c@pgf@countb=\count357
\c@pgf@countc=\count358
\c@pgf@countd=\count359
\t@pgf@toka=\toks51
\t@pgf@tokb=\toks52
\t@pgf@tokc=\toks53
\pgf@sys@id@count=\count360

(C:\Users\cdhro\AppData\Local\Programs\MiKTeX\tex/generic/pgf/systemlayer\pgf.c
fg
File: pgf.cfg 2025-08-29 v3.1.11a (3.1.11a)
)
Driver file for pgf: pgfsys-pdftex.def

(C:\Users\cdhro\AppData\Local\Programs\MiKTeX\tex/generic/pgf/systemlayer\pgfsy
s-pdftex.def
File: pgfsys-pdftex.def 2025-08-29 v3.1.11a (3.1.11a)

(C:\Users\cdhro\AppData\Local\Programs\MiKTeX\tex/generic/pgf/systemlayer\pgfsy
s-common-pdf.def
File: pgfsys-common-pdf.def 2025-08-29 v3.1.11a (3.1.11a)
)))
(C:\Users\cdhro\AppData\Local\Programs\MiKTeX\tex/generic/pgf/systemlayer\pgfsy
ssoftpath.code.tex
File: pgfsyssoftpath.code.tex 2025-08-29 v3.1.11a (3.1.11a)
\pgfsyssoftpath@smallbuffer@items=\count361
\pgfsyssoftpath@bigbuffer@items=\count362
)
(C:\Users\cdhro\AppData\Local\Programs\MiKTeX\tex/generic/pgf/systemlayer\pgfsy
sprotocol.code.tex
File: pgfsysprotocol.code.tex 2025-08-29 v3.1.11a (3.1.11a)
))
(C:\Users\cdhro\AppData\Local\Programs\MiKTeX\tex/latex/xcolor\xcolor.sty
Package: xcolor 2024/09/29 v3.02 LaTeX color extensions (UK)

(C:\Users\cdhro\AppData\Local\Programs\MiKTeX\tex/latex/graphics-cfg\color.cfg
File: color.cfg 2016/01/02 v1.6 sample color configuration
)
Package xcolor Info: Driver file: pdftex.def on input line 274.
(C:\Users\cdhro\AppData\Local\Programs\MiKTeX\tex/latex/graphics\mathcolor.ltx)
Package xcolor Info: Model `cmy' substituted by `cmy0' on input line 1349.
Package xcolor Info: Model `hsb' substituted by `rgb' on input line 1353.
Package xcolor Info: Model `RGB' extended on input line 1365.
Package xcolor Info: Model `HTML' substituted by `rgb' on input line 1367.
Package xcolor Info: Model `Hsb' substituted by `hsb' on input line 1368.
Package xcolor Info: Model `tHsb' substituted by `hsb' on input line 1369.
Package xcolor Info: Model `HSB' substituted by `hsb' on input line 1370.
Package xcolor Info: Model `Gray' substituted by `gray' on input line 1371.
Package xcolor Info: Model `wave' substituted by `hsb' on input line 1372.
)
(C:\Users\cdhro\AppData\Local\Programs\MiKTeX\tex/generic/pgf/basiclayer\pgfcor
e.code.tex
Package: pgfcore 2025-08-29 v3.1.11a (3.1.11a)

(C:\Users\cdhro\AppData\Local\Programs\MiKTeX\tex/generic/pgf/math\pgfmath.code
.tex
(C:\Users\cdhro\AppData\Local\Programs\MiKTeX\tex/generic/pgf/math\pgfmathutil.
code.tex)
(C:\Users\cdhro\AppData\Local\Programs\MiKTeX\tex/generic/pgf/math\pgfmathparse
r.code.tex
\pgfmath@dimen=\dimen269
\pgfmath@count=\count363
\pgfmath@box=\box68
\pgfmath@toks=\toks54
\pgfmath@stack@operand=\toks55
\pgfmath@stack@operation=\toks56
)
(C:\Users\cdhro\AppData\Local\Programs\MiKTeX\tex/generic/pgf/math\pgfmathfunct
ions.code.tex)
(C:\Users\cdhro\AppData\Local\Programs\MiKTeX\tex/generic/pgf/math\pgfmathfunct
ions.basic.code.tex)
(C:\Users\cdhro\AppData\Local\Programs\MiKTeX\tex/generic/pgf/math\pgfmathfunct
ions.trigonometric.code.tex)
(C:\Users\cdhro\AppData\Local\Programs\MiKTeX\tex/generic/pgf/math\pgfmathfunct
ions.random.code.tex)
(C:\Users\cdhro\AppData\Local\Programs\MiKTeX\tex/generic/pgf/math\pgfmathfunct
ions.comparison.code.tex)
(C:\Users\cdhro\AppData\Local\Programs\MiKTeX\tex/generic/pgf/math\pgfmathfunct
ions.base.code.tex)
(C:\Users\cdhro\AppData\Local\Programs\MiKTeX\tex/generic/pgf/math\pgfmathfunct
ions.round.code.tex)
(C:\Users\cdhro\AppData\Local\Programs\MiKTeX\tex/generic/pgf/math\pgfmathfunct
ions.misc.code.tex)
(C:\Users\cdhro\AppData\Local\Programs\MiKTeX\tex/generic/pgf/math\pgfmathfunct
ions.integerarithmetics.code.tex)
(C:\Users\cdhro\AppData\Local\Programs\MiKTeX\tex/generic/pgf/math\pgfmathcalc.
code.tex)
(C:\Users\cdhro\AppData\Local\Programs\MiKTeX\tex/generic/pgf/math\pgfmathfloat
.code.tex
\c@pgfmathroundto@lastzeros=\count364
))
(C:\Users\cdhro\AppData\Local\Programs\MiKTeX\tex/generic/pgf/math\pgfint.code.
tex)
(C:\Users\cdhro\AppData\Local\Programs\MiKTeX\tex/generic/pgf/basiclayer\pgfcor
epoints.code.tex
File: pgfcorepoints.code.tex 2025-08-29 v3.1.11a (3.1.11a)
\pgf@picminx=\dimen270
\pgf@picmaxx=\dimen271
\pgf@picminy=\dimen272
\pgf@picmaxy=\dimen273
\pgf@pathminx=\dimen274
\pgf@pathmaxx=\dimen275
\pgf@pathminy=\dimen276
\pgf@pathmaxy=\dimen277
\pgf@xx=\dimen278
\pgf@xy=\dimen279
\pgf@yx=\dimen280
\pgf@yy=\dimen281
\pgf@zx=\dimen282
\pgf@zy=\dimen283
)
(C:\Users\cdhro\AppData\Local\Programs\MiKTeX\tex/generic/pgf/basiclayer\pgfcor
epathconstruct.code.tex
File: pgfcorepathconstruct.code.tex 2025-08-29 v3.1.11a (3.1.11a)
\pgf@path@lastx=\dimen284
\pgf@path@lasty=\dimen285
)
(C:\Users\cdhro\AppData\Local\Programs\MiKTeX\tex/generic/pgf/basiclayer\pgfcor
epathusage.code.tex
File: pgfcorepathusage.code.tex 2025-08-29 v3.1.11a (3.1.11a)
\pgf@shorten@end@additional=\dimen286
\pgf@shorten@start@additional=\dimen287
)
(C:\Users\cdhro\AppData\Local\Programs\MiKTeX\tex/generic/pgf/basiclayer\pgfcor
escopes.code.tex
File: pgfcorescopes.code.tex 2025-08-29 v3.1.11a (3.1.11a)
\pgfpic=\box69
\pgf@hbox=\box70
\pgf@layerbox@main=\box71
\pgf@picture@serial@count=\count365
)
(C:\Users\cdhro\AppData\Local\Programs\MiKTeX\tex/generic/pgf/basiclayer\pgfcor
egraphicstate.code.tex
File: pgfcoregraphicstate.code.tex 2025-08-29 v3.1.11a (3.1.11a)
\pgflinewidth=\dimen288
)
(C:\Users\cdhro\AppData\Local\Programs\MiKTeX\tex/generic/pgf/basiclayer\pgfcor
etransformations.code.tex
File: pgfcoretransformations.code.tex 2025-08-29 v3.1.11a (3.1.11a)
\pgf@pt@x=\dimen289
\pgf@pt@y=\dimen290
\pgf@pt@temp=\dimen291
)
(C:\Users\cdhro\AppData\Local\Programs\MiKTeX\tex/generic/pgf/basiclayer\pgfcor
equick.code.tex
File: pgfcorequick.code.tex 2025-08-29 v3.1.11a (3.1.11a)
)
(C:\Users\cdhro\AppData\Local\Programs\MiKTeX\tex/generic/pgf/basiclayer\pgfcor
eobjects.code.tex
File: pgfcoreobjects.code.tex 2025-08-29 v3.1.11a (3.1.11a)
)
(C:\Users\cdhro\AppData\Local\Programs\MiKTeX\tex/generic/pgf/basiclayer\pgfcor
epathprocessing.code.tex
File: pgfcorepathprocessing.code.tex 2025-08-29 v3.1.11a (3.1.11a)
)
(C:\Users\cdhro\AppData\Local\Programs\MiKTeX\tex/generic/pgf/basiclayer\pgfcor
earrows.code.tex
File: pgfcorearrows.code.tex 2025-08-29 v3.1.11a (3.1.11a)
\pgfarrowsep=\dimen292
)
(C:\Users\cdhro\AppData\Local\Programs\MiKTeX\tex/generic/pgf/basiclayer\pgfcor
eshade.code.tex
File: pgfcoreshade.code.tex 2025-08-29 v3.1.11a (3.1.11a)
\pgf@max=\dimen293
\pgf@sys@shading@range@num=\count366
\pgf@shadingcount=\count367
)
(C:\Users\cdhro\AppData\Local\Programs\MiKTeX\tex/generic/pgf/basiclayer\pgfcor
eimage.code.tex
File: pgfcoreimage.code.tex 2025-08-29 v3.1.11a (3.1.11a)
)
(C:\Users\cdhro\AppData\Local\Programs\MiKTeX\tex/generic/pgf/basiclayer\pgfcor
eexternal.code.tex
File: pgfcoreexternal.code.tex 2025-08-29 v3.1.11a (3.1.11a)
\pgfexternal@startupbox=\box72
)
(C:\Users\cdhro\AppData\Local\Programs\MiKTeX\tex/generic/pgf/basiclayer\pgfcor
elayers.code.tex
File: pgfcorelayers.code.tex 2025-08-29 v3.1.11a (3.1.11a)
)
(C:\Users\cdhro\AppData\Local\Programs\MiKTeX\tex/generic/pgf/basiclayer\pgfcor
etransparency.code.tex
File: pgfcoretransparency.code.tex 2025-08-29 v3.1.11a (3.1.11a)
)
(C:\Users\cdhro\AppData\Local\Programs\MiKTeX\tex/generic/pgf/basiclayer\pgfcor
epatterns.code.tex
File: pgfcorepatterns.code.tex 2025-08-29 v3.1.11a (3.1.11a)
)
(C:\Users\cdhro\AppData\Local\Programs\MiKTeX\tex/generic/pgf/basiclayer\pgfcor
erdf.code.tex
File: pgfcorerdf.code.tex 2025-08-29 v3.1.11a (3.1.11a)
)))
(C:\Users\cdhro\AppData\Local\Programs\MiKTeX\tex/generic/pgf/modules\pgfmodule
shapes.code.tex
File: pgfmoduleshapes.code.tex 2025-08-29 v3.1.11a (3.1.11a)
\pgfnodeparttextbox=\box73
)
(C:\Users\cdhro\AppData\Local\Programs\MiKTeX\tex/generic/pgf/modules\pgfmodule
plot.code.tex
File: pgfmoduleplot.code.tex 2025-08-29 v3.1.11a (3.1.11a)
)
(C:\Users\cdhro\AppData\Local\Programs\MiKTeX\tex/latex/pgf/compatibility\pgfco
mp-version-0-65.sty
Package: pgfcomp-version-0-65 2025-08-29 v3.1.11a (3.1.11a)
\pgf@nodesepstart=\dimen294
\pgf@nodesepend=\dimen295
)
(C:\Users\cdhro\AppData\Local\Programs\MiKTeX\tex/latex/pgf/compatibility\pgfco
mp-version-1-18.sty
Package: pgfcomp-version-1-18 2025-08-29 v3.1.11a (3.1.11a)
))
(C:\Users\cdhro\AppData\Local\Programs\MiKTeX\tex/latex/pgf/utilities\pgffor.st
y
(C:\Users\cdhro\AppData\Local\Programs\MiKTeX\tex/latex/pgf/utilities\pgfkeys.s
ty
(C:\Users\cdhro\AppData\Local\Programs\MiKTeX\tex/generic/pgf/utilities\pgfkeys
.code.tex))
(C:\Users\cdhro\AppData\Local\Programs\MiKTeX\tex/latex/pgf/math\pgfmath.sty
(C:\Users\cdhro\AppData\Local\Programs\MiKTeX\tex/generic/pgf/math\pgfmath.code
.tex))
(C:\Users\cdhro\AppData\Local\Programs\MiKTeX\tex/generic/pgf/utilities\pgffor.
code.tex
Package: pgffor 2025-08-29 v3.1.11a (3.1.11a)
\pgffor@iter=\dimen296
\pgffor@skip=\dimen297
\pgffor@stack=\toks57
\pgffor@toks=\toks58
))
(C:\Users\cdhro\AppData\Local\Programs\MiKTeX\tex/generic/pgf/frontendlayer/tik
z\tikz.code.tex
Package: tikz 2025-08-29 v3.1.11a (3.1.11a)

(C:\Users\cdhro\AppData\Local\Programs\MiKTeX\tex/generic/pgf/libraries\pgflibr
aryplothandlers.code.tex
File: pgflibraryplothandlers.code.tex 2025-08-29 v3.1.11a (3.1.11a)
\pgf@plot@mark@count=\count368
\pgfplotmarksize=\dimen298
)
\tikz@lastx=\dimen299
\tikz@lasty=\dimen300
\tikz@lastxsaved=\dimen301
\tikz@lastysaved=\dimen302
\tikz@lastmovetox=\dimen303
\tikz@lastmovetoy=\dimen304
\tikzleveldistance=\dimen305
\tikzsiblingdistance=\dimen306
\tikz@figbox=\box74
\tikz@figbox@bg=\box75
\tikz@tempbox=\box76
\tikz@tempbox@bg=\box77
\tikztreelevel=\count369
\tikznumberofchildren=\count370
\tikznumberofcurrentchild=\count371
\tikz@fig@count=\count372

(C:\Users\cdhro\AppData\Local\Programs\MiKTeX\tex/generic/pgf/modules\pgfmodule
matrix.code.tex
File: pgfmodulematrix.code.tex 2025-08-29 v3.1.11a (3.1.11a)
\pgfmatrixcurrentrow=\count373
\pgfmatrixcurrentcolumn=\count374
\pgf@matrix@numberofcolumns=\count375
)
\tikz@expandcount=\count376

(C:\Users\cdhro\AppData\Local\Programs\MiKTeX\tex/generic/pgf/frontendlayer/tik
z/libraries\tikzlibrarytopaths.code.tex
File: tikzlibrarytopaths.code.tex 2025-08-29 v3.1.11a (3.1.11a)
)))
(C:\Users\cdhro\AppData\Local\Programs\MiKTeX\tex/latex/pgfplots\pgfplots.sty
(C:\Users\cdhro\AppData\Local\Programs\MiKTeX\tex/generic/pgfplots\pgfplots.rev
ision.tex)
Package: pgfplots 2021/05/15 v1.18.1 Data Visualization (1.18.1)

(C:\Users\cdhro\AppData\Local\Programs\MiKTeX\tex/generic/pgfplots\pgfplots.cod
e.tex
(C:\Users\cdhro\AppData\Local\Programs\MiKTeX\tex/generic/pgfplots\pgfplotscore
.code.tex
\t@pgfplots@toka=\toks59
\t@pgfplots@tokb=\toks60
\t@pgfplots@tokc=\toks61
\pgfplots@tmpa=\dimen307
\c@pgfplots@coordindex=\count377
\c@pgfplots@scanlineindex=\count378

(C:\Users\cdhro\AppData\Local\Programs\MiKTeX\tex/generic/pgfplots/sys\pgfplots
sysgeneric.code.tex))
(C:\Users\cdhro\AppData\Local\Programs\MiKTeX\tex/generic/pgfplots/libs\pgfplot
slibrary.code.tex)
(C:\Users\cdhro\AppData\Local\Programs\MiKTeX\tex/generic/pgfplots/oldpgfcompat
ib\pgfplotsoldpgfsupp_loader.code.tex
(C:\Users\cdhro\AppData\Local\Programs\MiKTeX\tex/generic/pgf/libraries\pgflibr
aryfpu.code.tex)
Package pgfplots: loading complementary utilities for your pgf version...
\t@pgf@toka=\toks62
\t@pgf@tokb=\toks63
\t@pgf@tokc=\toks64

(C:\Users\cdhro\AppData\Local\Programs\MiKTeX\tex/generic/pgfplots/oldpgfcompat
ib\pgfplotsoldpgfsupp_pgfutil-common-lists.tex))
(C:\Users\cdhro\AppData\Local\Programs\MiKTeX\tex/generic/pgfplots/util\pgfplot
sutil.code.tex
(C:\Users\cdhro\AppData\Local\Programs\MiKTeX\tex/generic/pgfplots/liststructur
e\pgfplotsliststructure.code.tex)
(C:\Users\cdhro\AppData\Local\Programs\MiKTeX\tex/generic/pgfplots/liststructur
e\pgfplotsliststructureext.code.tex)
(C:\Users\cdhro\AppData\Local\Programs\MiKTeX\tex/generic/pgfplots/liststructur
e\pgfplotsarray.code.tex
\c@pgfplotsarray@tmp=\count379
)
(C:\Users\cdhro\AppData\Local\Programs\MiKTeX\tex/generic/pgfplots/liststructur
e\pgfplotsmatrix.code.tex)
(C:\Users\cdhro\AppData\Local\Programs\MiKTeX\tex/generic/pgfplots/numtable\pgf
plotstableshared.code.tex
\c@pgfplotstable@counta=\count380
\t@pgfplotstable@a=\toks65
)
(C:\Users\cdhro\AppData\Local\Programs\MiKTeX\tex/generic/pgfplots/liststructur
e\pgfplotsdeque.code.tex)
(C:\Users\cdhro\AppData\Local\Programs\MiKTeX\tex/generic/pgfplots/util\pgfplot
sbinary.code.tex
(C:\Users\cdhro\AppData\Local\Programs\MiKTeX\tex/generic/pgfplots/util\pgfplot
sbinary.data.code.tex))
(C:\Users\cdhro\AppData\Local\Programs\MiKTeX\tex/generic/pgfplots/util\pgfplot
sutil.verb.code.tex)
(C:\Users\cdhro\AppData\Local\Programs\MiKTeX\tex/generic/pgfplots/libs\pgflibr
arypgfplots.surfshading.code.tex
\c@pgfplotslibrarysurf@no=\count381

(C:\Users\cdhro\AppData\Local\Programs\MiKTeX\tex/generic/pgfplots/sys\pgflibra
rypgfplots.surfshading.pgfsys-pdftex.def)))
(C:\Users\cdhro\AppData\Local\Programs\MiKTeX\tex/generic/pgfplots/util\pgfplot
scolormap.code.tex
(C:\Users\cdhro\AppData\Local\Programs\MiKTeX\tex/generic/pgfplots/util\pgfplot
scolor.code.tex))
(C:\Users\cdhro\AppData\Local\Programs\MiKTeX\tex/generic/pgfplots\pgfplotsstac
kedplots.code.tex)
(C:\Users\cdhro\AppData\Local\Programs\MiKTeX\tex/generic/pgfplots\pgfplotsplot
handlers.code.tex
(C:\Users\cdhro\AppData\Local\Programs\MiKTeX\tex/generic/pgfplots\pgfplotsmesh
plothandler.code.tex
(C:\Users\cdhro\AppData\Local\Programs\MiKTeX\tex/generic/pgfplots\pgfplotsmesh
plotimage.code.tex)))
(C:\Users\cdhro\AppData\Local\Programs\MiKTeX\tex/generic/pgfplots\pgfplots.sca
ling.code.tex)
(C:\Users\cdhro\AppData\Local\Programs\MiKTeX\tex/generic/pgfplots\pgfplotscoor
dprocessing.code.tex)
(C:\Users\cdhro\AppData\Local\Programs\MiKTeX\tex/generic/pgfplots\pgfplots.err
orbars.code.tex)
(C:\Users\cdhro\AppData\Local\Programs\MiKTeX\tex/generic/pgfplots\pgfplots.mar
kers.code.tex)
(C:\Users\cdhro\AppData\Local\Programs\MiKTeX\tex/generic/pgfplots\pgfplotstick
s.code.tex)
(C:\Users\cdhro\AppData\Local\Programs\MiKTeX\tex/generic/pgfplots\pgfplots.pat
hs.code.tex)
(C:\Users\cdhro\AppData\Local\Programs\MiKTeX\tex/generic/pgf/frontendlayer/tik
z/libraries\tikzlibrarydecorations.code.tex
(C:\Users\cdhro\AppData\Local\Programs\MiKTeX\tex/generic/pgf/modules\pgfmodule
decorations.code.tex
\pgfdecoratedcompleteddistance=\dimen308
\pgfdecoratedremainingdistance=\dimen309
\pgfdecoratedinputsegmentcompleteddistance=\dimen310
\pgfdecoratedinputsegmentremainingdistance=\dimen311
\pgf@decorate@distancetomove=\dimen312
\pgf@decorate@repeatstate=\count382
\pgfdecorationsegmentamplitude=\dimen313
\pgfdecorationsegmentlength=\dimen314
)
\tikz@lib@dec@box=\box78
)
(C:\Users\cdhro\AppData\Local\Programs\MiKTeX\tex/generic/pgf/frontendlayer/tik
z/libraries\tikzlibrarydecorations.pathmorphing.code.tex
(C:\Users\cdhro\AppData\Local\Programs\MiKTeX\tex/generic/pgf/libraries/decorat
ions\pgflibrarydecorations.pathmorphing.code.tex))
(C:\Users\cdhro\AppData\Local\Programs\MiKTeX\tex/generic/pgf/frontendlayer/tik
z/libraries\tikzlibrarydecorations.pathreplacing.code.tex
(C:\Users\cdhro\AppData\Local\Programs\MiKTeX\tex/generic/pgf/libraries/decorat
ions\pgflibrarydecorations.pathreplacing.code.tex))
(C:\Users\cdhro\AppData\Local\Programs\MiKTeX\tex/generic/pgfplots/libs\tikzlib
rarypgfplots.contourlua.code.tex)
\pgfplots@numplots=\count383
\pgfplots@xmin@reg=\dimen315
\pgfplots@xmax@reg=\dimen316
\pgfplots@ymin@reg=\dimen317
\pgfplots@ymax@reg=\dimen318
\pgfplots@zmin@reg=\dimen319
\pgfplots@zmax@reg=\dimen320
)
(C:\Users\cdhro\AppData\Local\Programs\MiKTeX\tex/generic/pgf/frontendlayer/tik
z/libraries\tikzlibraryplotmarks.code.tex
File: tikzlibraryplotmarks.code.tex 2025-08-29 v3.1.11a (3.1.11a)

(C:\Users\cdhro\AppData\Local\Programs\MiKTeX\tex/generic/pgf/libraries\pgflibr
aryplotmarks.code.tex
File: pgflibraryplotmarks.code.tex 2025-08-29 v3.1.11a (3.1.11a)
)))
(C:\Users\cdhro\AppData\Local\Programs\MiKTeX\tex/generic/pgf/frontendlayer/tik
z/libraries\tikzlibrarycalc.code.tex
File: tikzlibrarycalc.code.tex 2025-08-29 v3.1.11a (3.1.11a)
)
(C:\Users\cdhro\AppData\Local\Programs\MiKTeX\tex/generic/pgf/frontendlayer/tik
z/libraries\tikzlibraryscopes.code.tex
File: tikzlibraryscopes.code.tex 2025-08-29 v3.1.11a (3.1.11a)
)
(C:\Users\cdhro\AppData\Local\Programs\MiKTeX\tex/generic/pgf/frontendlayer/tik
z/libraries/circuits\tikzlibrarycircuits.ee.IEC.code.tex
(C:\Users\cdhro\AppData\Local\Programs\MiKTeX\tex/generic/pgf/frontendlayer/tik
z/libraries\tikzlibraryarrows.code.tex
File: tikzlibraryarrows.code.tex 2025-08-29 v3.1.11a (3.1.11a)

(C:\Users\cdhro\AppData\Local\Programs\MiKTeX\tex/generic/pgf/libraries\pgflibr
aryarrows.code.tex
File: pgflibraryarrows.code.tex 2025-08-29 v3.1.11a (3.1.11a)
\arrowsize=\dimen321
))
(C:\Users\cdhro\AppData\Local\Programs\MiKTeX\tex/generic/pgf/frontendlayer/tik
z/libraries/circuits\tikzlibrarycircuits.ee.code.tex
(C:\Users\cdhro\AppData\Local\Programs\MiKTeX\tex/generic/pgf/frontendlayer/tik
z/libraries/circuits\tikzlibrarycircuits.code.tex
(C:\Users\cdhro\AppData\Local\Programs\MiKTeX\tex/generic/pgf/frontendlayer/tik
z/libraries\tikzlibrarydecorations.markings.code.tex
(C:\Users\cdhro\AppData\Local\Programs\MiKTeX\tex/generic/pgf/libraries/decorat
ions\pgflibrarydecorations.markings.code.tex))
\tikz@lib@circ@count=\count384
\tikzcircuitssizeunit=\dimen322
)
(C:\Users\cdhro\AppData\Local\Programs\MiKTeX\tex/generic/pgf/libraries/shapes/
circuits\pgflibraryshapes.gates.ee.code.tex))
(C:\Users\cdhro\AppData\Local\Programs\MiKTeX\tex/generic/pgf/libraries/shapes/
circuits\pgflibraryshapes.gates.ee.IEC.code.tex))
(C:\Users\cdhro\AppData\Local\Programs\MiKTeX\tex/generic/pgf/frontendlayer/tik
z/libraries\tikzlibrarypatterns.code.tex
File: tikzlibrarypatterns.code.tex 2025-08-29 v3.1.11a (3.1.11a)

(C:\Users\cdhro\AppData\Local\Programs\MiKTeX\tex/generic/pgf/libraries\pgflibr
arypatterns.code.tex
File: pgflibrarypatterns.code.tex 2025-08-29 v3.1.11a (3.1.11a)
))
(C:\Users\cdhro\AppData\Local\Programs\MiKTeX\tex/generic/pgf/libraries\pgflibr
aryarrows.meta.code.tex
File: pgflibraryarrows.meta.code.tex 2025-08-29 v3.1.11a (3.1.11a)
\pgfarrowinset=\dimen323
\pgfarrowlength=\dimen324
\pgfarrowwidth=\dimen325
\pgfarrowlinewidth=\dimen326
)
(C:\Users\cdhro\AppData\Local\Programs\MiKTeX\tex/generic/pgf/frontendlayer/tik
z/libraries\tikzlibraryangles.code.tex
File: tikzlibraryangles.code.tex 2025-08-29 v3.1.11a (3.1.11a)
)
(C:\Users\cdhro\AppData\Local\Programs\MiKTeX\tex/generic/pgf/frontendlayer/tik
z/libraries\tikzlibraryquotes.code.tex
File: tikzlibraryquotes.code.tex 2025-08-29 v3.1.11a (3.1.11a)
)
(C:\Users\cdhro\AppData\Local\Programs\MiKTeX\tex/generic/pgf/frontendlayer/tik
z/libraries\tikzlibraryshapes.code.tex
File: tikzlibraryshapes.code.tex 2025-08-29 v3.1.11a (3.1.11a)

(C:\Users\cdhro\AppData\Local\Programs\MiKTeX\tex/generic/pgf/frontendlayer/tik
z/libraries\tikzlibraryshapes.geometric.code.tex
File: tikzlibraryshapes.geometric.code.tex 2025-08-29 v3.1.11a (3.1.11a)

(C:\Users\cdhro\AppData\Local\Programs\MiKTeX\tex/generic/pgf/libraries/shapes\
pgflibraryshapes.geometric.code.tex
File: pgflibraryshapes.geometric.code.tex 2025-08-29 v3.1.11a (3.1.11a)
))
(C:\Users\cdhro\AppData\Local\Programs\MiKTeX\tex/generic/pgf/frontendlayer/tik
z/libraries\tikzlibraryshapes.misc.code.tex
File: tikzlibraryshapes.misc.code.tex 2025-08-29 v3.1.11a (3.1.11a)

(C:\Users\cdhro\AppData\Local\Programs\MiKTeX\tex/generic/pgf/libraries/shapes\
pgflibraryshapes.misc.code.tex
File: pgflibraryshapes.misc.code.tex 2025-08-29 v3.1.11a (3.1.11a)
))
(C:\Users\cdhro\AppData\Local\Programs\MiKTeX\tex/generic/pgf/frontendlayer/tik
z/libraries\tikzlibraryshapes.symbols.code.tex
File: tikzlibraryshapes.symbols.code.tex 2025-08-29 v3.1.11a (3.1.11a)

(C:\Users\cdhro\AppData\Local\Programs\MiKTeX\tex/generic/pgf/libraries/shapes\
pgflibraryshapes.symbols.code.tex
File: pgflibraryshapes.symbols.code.tex 2025-08-29 v3.1.11a (3.1.11a)
))
(C:\Users\cdhro\AppData\Local\Programs\MiKTeX\tex/generic/pgf/frontendlayer/tik
z/libraries\tikzlibraryshapes.arrows.code.tex
File: tikzlibraryshapes.arrows.code.tex 2025-08-29 v3.1.11a (3.1.11a)

(C:\Users\cdhro\AppData\Local\Programs\MiKTeX\tex/generic/pgf/libraries/shapes\
pgflibraryshapes.arrows.code.tex
File: pgflibraryshapes.arrows.code.tex 2025-08-29 v3.1.11a (3.1.11a)
))
(C:\Users\cdhro\AppData\Local\Programs\MiKTeX\tex/generic/pgf/frontendlayer/tik
z/libraries\tikzlibraryshapes.callouts.code.tex
(C:\Users\cdhro\AppData\Local\Programs\MiKTeX\tex/generic/pgf/libraries/shapes\
pgflibraryshapes.callouts.code.tex))
(C:\Users\cdhro\AppData\Local\Programs\MiKTeX\tex/generic/pgf/frontendlayer/tik
z/libraries\tikzlibraryshapes.multipart.code.tex
File: tikzlibraryshapes.multipart.code.tex 2025-08-29 v3.1.11a (3.1.11a)

(C:\Users\cdhro\AppData\Local\Programs\MiKTeX\tex/generic/pgf/libraries/shapes\
pgflibraryshapes.multipart.code.tex
File: pgflibraryshapes.multipart.code.tex 2025-08-29 v3.1.11a (3.1.11a)
\pgfnodepartlowerbox=\box79
\pgfnodeparttwobox=\box80
\pgfnodepartthreebox=\box81
\pgfnodepartfourbox=\box82
\pgfnodeparttwentybox=\box83
\pgfnodepartnineteenbox=\box84
\pgfnodeparteighteenbox=\box85
\pgfnodepartseventeenbox=\box86
\pgfnodepartsixteenbox=\box87
\pgfnodepartfifteenbox=\box88
\pgfnodepartfourteenbox=\box89
\pgfnodepartthirteenbox=\box90
\pgfnodeparttwelvebox=\box91
\pgfnodepartelevenbox=\box92
\pgfnodeparttenbox=\box93
\pgfnodepartninebox=\box94
\pgfnodeparteightbox=\box95
\pgfnodepartsevenbox=\box96
\pgfnodepartsixbox=\box97
\pgfnodepartfivebox=\box98
)))
(C:\Users\cdhro\AppData\Local\Programs\MiKTeX\tex/generic/pgf/frontendlayer/tik
z/libraries\tikzlibrarysnakes.code.tex
File: tikzlibrarysnakes.code.tex 2025-08-29 v3.1.11a (3.1.11a)


Package pgf Warning: Snakes have been superseded by decorations. Please use the
 decoration libraries instead of the snakes library on input line 14.


(C:\Users\cdhro\AppData\Local\Programs\MiKTeX\tex/generic/pgf/frontendlayer/tik
z/libraries\tikzlibrarydecorations.shapes.code.tex
(C:\Users\cdhro\AppData\Local\Programs\MiKTeX\tex/generic/pgf/libraries/decorat
ions\pgflibrarydecorations.shapes.code.tex)))
(C:\Users\cdhro\AppData\Local\Programs\MiKTeX\tex/generic/pgf/frontendlayer/tik
z/libraries\tikzlibraryintersections.code.tex
(C:\Users\cdhro\AppData\Local\Programs\MiKTeX\tex/generic/pgf/libraries\pgflibr
aryintersections.code.tex
\pgf@intersect@solutions=\count385
))
(C:\Users\cdhro\AppData\Local\Programs\MiKTeX\tex/generic/pgf/frontendlayer/tik
z/libraries\tikzlibrarypositioning.code.tex
File: tikzlibrarypositioning.code.tex 2025-08-29 v3.1.11a (3.1.11a)
)
(C:\Users\cdhro\AppData\Local\Programs\MiKTeX\tex/generic/pgfplots/libs\tikzlib
rarypgfplots.fillbetween.code.tex
(C:\Users\cdhro\AppData\Local\Programs\MiKTeX\tex/generic/pgfplots/pgfcontrib\t
ikzlibraryfillbetween.code.tex
(C:\Users\cdhro\AppData\Local\Programs\MiKTeX\tex/generic/pgfplots/pgfcontrib\t
ikzlibrarydecorations.softclip.code.tex
(C:\Users\cdhro\AppData\Local\Programs\MiKTeX\tex/generic/pgfplots/pgfcontrib\p
gflibraryfillbetween.code.tex)))
(C:\Users\cdhro\AppData\Local\Programs\MiKTeX\tex/generic/pgfplots/libs\tikzlib
rarypgfplots.decorations.softclip.code.tex))
(C:\Users\cdhro\AppData\Local\Programs\MiKTeX\tex/latex/tkz-euclide\tkz-euclide
.sty
2026/01/25 5.13c tkz-euclide.sty
Package: tkz-euclide  2026/01/25 5.13c for pure Euclidean Geometry 

(C:\Users\cdhro\AppData\Local\Programs\MiKTeX\tex/generic/pgf/frontendlayer/tik
z/libraries\tikzlibrarybackgrounds.code.tex
File: tikzlibrarybackgrounds.code.tex 2025-08-29 v3.1.11a (3.1.11a)
\pgf@layerbox@background=\box99
\pgf@layerboxsaved@background=\box100
)
(C:\Users\cdhro\AppData\Local\Programs\MiKTeX\tex/generic/pgf/frontendlayer/tik
z/libraries\tikzlibrarydecorations.text.code.tex
(C:\Users\cdhro\AppData\Local\Programs\MiKTeX\tex/generic/pgf/libraries/decorat
ions\pgflibrarydecorations.text.code.tex
\pgf@lib@dec@text@box=\box101
)
\tikz@lib@dec@te@box=\box102
)
(C:\Users\cdhro\AppData\Local\Programs\MiKTeX\tex/generic/pgf/frontendlayer/tik
z/libraries\tikzlibrarymath.code.tex
(C:\Users\cdhro\AppData\Local\Programs\MiKTeX\tex/generic/pgf/frontendlayer/tik
z/libraries\tikzlibraryfpu.code.tex)
\tikz@math@for@depth=\count386
\tikz@math@dimen=\dimen327
\tikz@math@toks=\toks66
)
(C:\Users\cdhro\AppData\Local\Programs\MiKTeX\tex/generic/pgf/frontendlayer/tik
z/libraries\tikzlibrarythrough.code.tex
File: tikzlibrarythrough.code.tex 2025-08-29 v3.1.11a (3.1.11a)
)
(C:\Users\cdhro\AppData\Local\Programs\MiKTeX\tex/latex/l3packages/xfp\xfp.sty
Package: xfp 2025-10-09 L3 Floating point unit
)
\tkzRadius=\dimen328
\tkzLength=\dimen329
\tkz@radi=\dimen330
\tkz@ax=\dimen331
\tkz@ay=\dimen332
\tkz@bx=\dimen333
\tkz@by=\dimen334
\tkz@cx=\dimen335
\tkz@cy=\dimen336
\tkz@dx=\dimen337
\tkz@dy=\dimen338
\tkz@cntmk=\count387
Local configuration file tkz-euclide.cfg found and used

(C:\Users\cdhro\AppData\Local\Programs\MiKTeX\tex/latex/tkz-euclide\tkz-euclide
.cfg
2026/01/25 5.13c tkz-euclide.cfg
)
(C:\Users\cdhro\AppData\Local\Programs\MiKTeX\tex/latex/tkz-euclide/tools\tkz-t
ools-eu-base.tex
2026/01/25 5.13c tkz-tools-eu-base.tex
)
(C:\Users\cdhro\AppData\Local\Programs\MiKTeX\tex/latex/tkz-euclide/tools\tkz-t
ools-eu-utilities.tex
2026/01/25 5.13c tkz-tools-eu-utilities.tex
)
(C:\Users\cdhro\AppData\Local\Programs\MiKTeX\tex/latex/tkz-euclide/tools\tkz-t
ools-eu-BB.tex
2026/01/25 5.13c tkz-obj-eu-BB.tex
)
(C:\Users\cdhro\AppData\Local\Programs\MiKTeX\tex/latex/tkz-euclide/obj\tkz-obj
-eu-grids.tex
2026/01/25 5.13c tkz-obj-eu-grids.tex
)
(C:\Users\cdhro\AppData\Local\Programs\MiKTeX\tex/latex/tkz-euclide/libs\tkz-li
b-eu-marks.tex
2026/01/25 5.13c tkz-lib-eu-marks.tex
)
(C:\Users\cdhro\AppData\Local\Programs\MiKTeX\tex/latex/tkz-euclide/tools\tkz-t
ools-eu-text.tex
2026/01/25 5.13c tkz-tools-eu-text.tex
)
(C:\Users\cdhro\AppData\Local\Programs\MiKTeX\tex/latex/tkz-euclide/libs\tkz-li
b-eu-shape.tex
2026/01/25 5.13c tkz-lib-eu-shape.tex
)
(C:\Users\cdhro\AppData\Local\Programs\MiKTeX\tex/latex/tkz-euclide/obj\tkz-obj
-eu-axesmin.tex
2026/01/25 5.13c tkz-obj-eu-axesmin
)
(C:\Users\cdhro\AppData\Local\Programs\MiKTeX\tex/latex/tkz-euclide/tools\tkz-t
ools-eu-colors.tex
2026/01/25 5.13c tkz-tools-eu-colors
)
(C:\Users\cdhro\AppData\Local\Programs\MiKTeX\tex/latex/tkz-euclide/obj\tkz-obj
-eu-points.tex
2026/01/25 5.13c tkz-obj-eu-points.tex
)
(C:\Users\cdhro\AppData\Local\Programs\MiKTeX\tex/latex/tkz-euclide/drawings\tk
z-draw-eu-points.tex
2026/01/25 5.13c tkz-draw-eu-points.tex
)
(C:\Users\cdhro\AppData\Local\Programs\MiKTeX\tex/latex/tkz-euclide/obj\tkz-obj
-eu-points.tex
2026/01/25 5.13c tkz-obj-eu-points.tex
)
(C:\Users\cdhro\AppData\Local\Programs\MiKTeX\tex/latex/tkz-euclide/obj\tkz-obj
-eu-points-by.tex
2026/01/25 5.13c tkz-tools-eu-points-by.tex
)
(C:\Users\cdhro\AppData\Local\Programs\MiKTeX\tex/latex/tkz-euclide/tools\tkz-t
ools-eu-math.tex
2026/01/25 5.13c tkz-tools-eu-math.tex
)
(C:\Users\cdhro\AppData\Local\Programs\MiKTeX\tex/latex/tkz-euclide/tools\tkz-t
ools-eu-intersections.tex
2026/01/25 5.13c tkz-tools-eu-intersections.tex
)
(C:\Users\cdhro\AppData\Local\Programs\MiKTeX\tex/latex/tkz-euclide/obj\tkz-obj
-eu-points-with.tex
2026/01/25 5.13c tkz-obj-eu-points-with.tex
)
(C:\Users\cdhro\AppData\Local\Programs\MiKTeX\tex/latex/tkz-euclide/obj\tkz-obj
-eu-points-spc.tex
2026/01/25 5.13c tkz-obj-el-points.tex
)
(C:\Users\cdhro\AppData\Local\Programs\MiKTeX\tex/latex/tkz-euclide/tools\tkz-t
ools-eu-angles.tex
2026/01/25 5.13c tkz-tools-eu-angles.tex
)
(C:\Users\cdhro\AppData\Local\Programs\MiKTeX\tex/latex/tkz-euclide/obj\tkz-obj
-eu-circles.tex
2026/01/25 5.13c tkz-obj-eu-circles.tex
)
(C:\Users\cdhro\AppData\Local\Programs\MiKTeX\tex/latex/tkz-euclide/obj\tkz-obj
-eu-circles-by.tex
2026/01/25 5.13c tkz-obj-eu-circles.tex
)
(C:\Users\cdhro\AppData\Local\Programs\MiKTeX\tex/latex/tkz-euclide/obj\tkz-obj
-eu-points-rnd.tex
2026/01/25 5.13c tkz-obj-eu-points-rnd.tex
)
(C:\Users\cdhro\AppData\Local\Programs\MiKTeX\tex/latex/tkz-euclide/obj\tkz-obj
-eu-lines.tex
2026/01/25 5.13c tkz-obj-eu-lines.tex
)
(C:\Users\cdhro\AppData\Local\Programs\MiKTeX\tex/latex/tkz-euclide/obj\tkz-obj
-eu-polygons.tex
2026/01/25 5.13c tkz-obj-eu-polygons.tex
)
(C:\Users\cdhro\AppData\Local\Programs\MiKTeX\tex/latex/tkz-euclide/obj\tkz-obj
-eu-triangles.tex
2026/01/25 5.13c tkz-obj-eu-triangles.tex
)
(C:\Users\cdhro\AppData\Local\Programs\MiKTeX\tex/latex/tkz-euclide/drawings\tk
z-draw-eu-lines.tex
2026/01/25 5.13c tkz-obj-eu-draw-lines.tex
)
(C:\Users\cdhro\AppData\Local\Programs\MiKTeX\tex/latex/tkz-euclide/drawings\tk
z-draw-eu-circles.tex
2026/01/25 5.13c tkz-obj-eu-draw-circles.tex
)
(C:\Users\cdhro\AppData\Local\Programs\MiKTeX\tex/latex/tkz-euclide/drawings\tk
z-draw-eu-ellipses.tex
2026/01/25 5.13c tkz-obj-eu-draw-ellipses.tex
)
(C:\Users\cdhro\AppData\Local\Programs\MiKTeX\tex/latex/tkz-euclide/drawings\tk
z-draw-eu-polygons.tex
2026/01/25 5.13c tkz-obj-eu-polygons.tex
)
(C:\Users\cdhro\AppData\Local\Programs\MiKTeX\tex/latex/tkz-euclide/drawings\tk
z-draw-eu-arcs.tex
2026/01/25 5.13c tkz-tool-eu-arcs.tex
)
(C:\Users\cdhro\AppData\Local\Programs\MiKTeX\tex/latex/tkz-euclide/drawings\tk
z-draw-eu-angles.tex
2026/01/25 5.13c tkz-tool-eu-angles.tex
)
(C:\Users\cdhro\AppData\Local\Programs\MiKTeX\tex/latex/tkz-euclide/drawings\tk
z-draw-eu-sectors.tex
2026/01/25 5.13c tkz-obj-eu-sectors.tex
)
(C:\Users\cdhro\AppData\Local\Programs\MiKTeX\tex/latex/tkz-euclide/drawings\tk
z-draw-eu-compass.tex
2026/01/25 5.13c tkz-obj-eu-compass.tex
)
(C:\Users\cdhro\AppData\Local\Programs\MiKTeX\tex/latex/tkz-euclide/drawings\tk
z-draw-eu-show.tex
2026/01/25 5.13c tkz-obj-eu-show.tex
)
(C:\Users\cdhro\AppData\Local\Programs\MiKTeX\tex/latex/tkz-euclide/drawings\tk
z-draw-eu-protractor.tex
2026/01/25 5.13c tkz-obj-eu-protractor.tex
)) (C:\Users\cdhro\AppData\Local\Programs\MiKTeX\tex/latex/tools\tabularx.sty
Package: tabularx 2023/12/11 v2.12a `tabularx' package (DPC)

(C:\Users\cdhro\AppData\Local\Programs\MiKTeX\tex/latex/tools\array.sty
Package: array 2025/09/25 v2.6n Tabular extension package (FMi)
\col@sep=\dimen339
\ar@mcellbox=\box103
\extrarowheight=\dimen340
\NC@list=\toks67
\extratabsurround=\skip87
\backup@length=\skip88
\ar@cellbox=\box104
)
\TX@col@width=\dimen341
\TX@old@table=\dimen342
\TX@old@col=\dimen343
\TX@target=\dimen344
\TX@delta=\dimen345
\TX@cols=\count388
\TX@ftn=\toks68
)
(C:\Users\cdhro\AppData\Local\Programs\MiKTeX\tex/latex/multirow\multirow.sty
Package: multirow 2024/11/12 v2.9 Span multiple rows of a table
\multirow@colwidth=\skip89
\multirow@cntb=\count389
\multirow@dima=\skip90
\bigstrutjot=\dimen346
)
(C:\Users\cdhro\AppData\Local\Programs\MiKTeX\tex/latex/geometry\geometry.sty
Package: geometry 2020/01/02 v5.9 Page Geometry

(C:\Users\cdhro\AppData\Local\Programs\MiKTeX\tex/generic/iftex\ifvtex.sty
Package: ifvtex 2019/10/25 v1.7 ifvtex legacy package. Use iftex instead.
)
\Gm@cnth=\count390
\Gm@cntv=\count391
\c@Gm@tempcnt=\count392
\Gm@bindingoffset=\dimen347
\Gm@wd@mp=\dimen348
\Gm@odd@mp=\dimen349
\Gm@even@mp=\dimen350
\Gm@layoutwidth=\dimen351
\Gm@layoutheight=\dimen352
\Gm@layouthoffset=\dimen353
\Gm@layoutvoffset=\dimen354
\Gm@dimlist=\toks69

(C:\Users\cdhro\AppData\Local\Programs\MiKTeX\tex/latex/geometry\geometry.cfg))
(C:\Users\cdhro\AppData\Local\Programs\MiKTeX\tex/latex/polynom\polynom.sty
Package: polynom 2017/07/17 0.19 (CH,HA)
\pld@currstage=\count393
)
(C:\Users\cdhro\AppData\Local\Programs\MiKTeX\tex/latex/base\makeidx.sty
Package: makeidx 2021/10/04 v1.0m Standard LaTeX package
)
\@indexfile=\write6
\openout6 = `stm0005-notes.idx'.


Writing index file stm0005-notes.idx
(C:\Users\cdhro\AppData\Local\Programs\MiKTeX\tex/latex/hyperref\hyperref.sty
Package: hyperref 2026-01-29 v7.01p Hypertext links for LaTeX

(C:\Users\cdhro\AppData\Local\Programs\MiKTeX\tex/generic/kvdefinekeys\kvdefine
keys.sty
Package: kvdefinekeys 2019-12-19 v1.6 Define keys (HO)
)
(C:\Users\cdhro\AppData\Local\Programs\MiKTeX\tex/generic/pdfescape\pdfescape.s
ty
Package: pdfescape 2019/12/09 v1.15 Implements pdfTeX's escape features (HO)
) (C:\Users\cdhro\AppData\Local\Programs\MiKTeX\tex/latex/hycolor\hycolor.sty
Package: hycolor 2020-01-27 v1.10 Color options for hyperref/bookmark (HO)
) (C:\Users\cdhro\AppData\Local\Programs\MiKTeX\tex/latex/hyperref\nameref.sty
Package: nameref 2026-01-29 v2.58 Cross-referencing by name of section

(C:\Users\cdhro\AppData\Local\Programs\MiKTeX\tex/latex/refcount\refcount.sty
Package: refcount 2019/12/15 v3.6 Data extraction from label references (HO)
)
(C:\Users\cdhro\AppData\Local\Programs\MiKTeX\tex/generic/gettitlestring\gettit
lestring.sty
Package: gettitlestring 2019/12/15 v1.6 Cleanup title references (HO)
)
\c@section@level=\count394
)
(C:\Users\cdhro\AppData\Local\Programs\MiKTeX\tex/generic/stringenc\stringenc.s
ty
Package: stringenc 2019/11/29 v1.12 Convert strings between diff. encodings (HO
)
)
\@linkdim=\dimen355
\Hy@linkcounter=\count395
\Hy@pagecounter=\count396
 (C:\Users\cdhro\AppData\Local\Programs\MiKTeX\tex/latex/hyperref\pd1enc.def
File: pd1enc.def 2026-01-29 v7.01p Hyperref: PDFDocEncoding definition (HO)
Now handling font encoding PD1 ...
... no UTF-8 mapping file for font encoding PD1
) (C:\Users\cdhro\AppData\Local\Programs\MiKTeX\tex/generic/intcalc\intcalc.sty
Package: intcalc 2019/12/15 v1.3 Expandable calculations with integers (HO)
)
\Hy@SavedSpaceFactor=\count397
 (C:\Users\cdhro\AppData\Local\Programs\MiKTeX\tex/latex/hyperref\puenc.def
File: puenc.def 2026-01-29 v7.01p Hyperref: PDF Unicode definition (HO)
Now handling font encoding PU ...
... no UTF-8 mapping file for font encoding PU
)
Package hyperref Info: Hyper figures OFF on input line 4201.
Package hyperref Info: Link nesting OFF on input line 4206.
Package hyperref Info: Hyper index ON on input line 4209.
Package hyperref Info: Plain pages OFF on input line 4216.
Package hyperref Info: Backreferencing OFF on input line 4221.
Package hyperref Info: Implicit mode ON; LaTeX internals redefined.
Package hyperref Info: Bookmarks ON on input line 4468.
\c@Hy@tempcnt=\count398

(C:\Users\cdhro\AppData\Local\Programs\MiKTeX\tex/latex/url\url.sty
\Urlmuskip=\muskip18
Package: url 2013/09/16  ver 3.4  Verb mode for urls, etc.
)
LaTeX Info: Redefining \url on input line 4807.
\XeTeXLinkMargin=\dimen356

(C:\Users\cdhro\AppData\Local\Programs\MiKTeX\tex/generic/bitset\bitset.sty
Package: bitset 2019/12/09 v1.3 Handle bit-vector datatype (HO)

(C:\Users\cdhro\AppData\Local\Programs\MiKTeX\tex/generic/bigintcalc\bigintcalc
.sty
Package: bigintcalc 2019/12/15 v1.5 Expandable calculations on big integers (HO
)
))
\Fld@menulength=\count399
\Field@Width=\dimen357
\Fld@charsize=\dimen358
Package hyperref Info: Hyper figures OFF on input line 6084.
Package hyperref Info: Link nesting OFF on input line 6089.
Package hyperref Info: Hyper index ON on input line 6092.
Package hyperref Info: backreferencing OFF on input line 6099.
Package hyperref Info: Link coloring OFF on input line 6104.
Package hyperref Info: Link coloring with OCG OFF on input line 6109.
Package hyperref Info: PDF/A mode OFF on input line 6114.
\Hy@abspage=\count400
\c@Item=\count401
\c@Hfootnote=\count402
)
Package hyperref Info: Driver (autodetected): hpdftex.

(C:\Users\cdhro\AppData\Local\Programs\MiKTeX\tex/latex/hyperref\hpdftex.def
File: hpdftex.def 2026-01-29 v7.01p Hyperref driver for pdfTeX
\Fld@listcount=\count403
\c@bookmark@seq@number=\count404

(C:\Users\cdhro\AppData\Local\Programs\MiKTeX\tex/latex/rerunfilecheck\rerunfil
echeck.sty
Package: rerunfilecheck 2025-06-21 v1.11 Rerun checks for auxiliary files (HO)

(C:\Users\cdhro\AppData\Local\Programs\MiKTeX\tex/generic/uniquecounter\uniquec
ounter.sty
Package: uniquecounter 2019/12/15 v1.4 Provide unlimited unique counter (HO)
)
Package uniquecounter Info: New unique counter `rerunfilecheck' on input line 2
84.
)
\Hy@SectionHShift=\skip91
)
(C:\Users\cdhro\AppData\Local\Programs\MiKTeX\tex/latex/cleveref\cleveref.sty
Package: cleveref 2018/03/27 v0.21.4 Intelligent cross-referencing
Package cleveref Info: `hyperref' support loaded on input line 2370.
LaTeX Info: Redefining \cref on input line 2370.
LaTeX Info: Redefining \Cref on input line 2370.
LaTeX Info: Redefining \crefrange on input line 2370.
LaTeX Info: Redefining \Crefrange on input line 2370.
LaTeX Info: Redefining \cpageref on input line 2370.
LaTeX Info: Redefining \Cpageref on input line 2370.
LaTeX Info: Redefining \cpagerefrange on input line 2370.
LaTeX Info: Redefining \Cpagerefrange on input line 2370.
LaTeX Info: Redefining \labelcref on input line 2370.
LaTeX Info: Redefining \labelcpageref on input line 2370.
Package cleveref Info: `amsthm' support loaded on input line 3026.
)
==> First Aid for cleveref.sty applied!
\c@thm=\count405
\c@prob=\count406
\c@Example=\count407
\c@diversion=\count408
\c@application=\count409
Excluding 'warpHTML' comment.)
(C:\Users\cdhro\AppData\Local\Programs\MiKTeX\tex/latex/datetime\datetime.sty
Package: datetime 2015/03/20 v2.60 Date Time Package

(C:\Users\cdhro\AppData\Local\Programs\MiKTeX\tex/latex/fmtcount\fmtcount.sty
Package: fmtcount 2025/12/02 v3.12 Displaying the values of LaTeX counters (NT,
VB,NE)

(C:\Users\cdhro\AppData\Local\Programs\MiKTeX\tex/latex/fmtcount\fcprefix.sty
Package: fcprefix 2012/09/28

(C:\Users\cdhro\AppData\Local\Programs\MiKTeX\tex/latex/fmtcount\fcnumparser.st
y
Package: fcnumparser 2017/06/15
\fc@digit@counter=\count410
))
\c@padzeroesN=\count411
\fc@tmpcatcode=\count412
\@DT@modctr=\count413
\@ordinalctr=\count414
\@orgargctr=\count415
\@strctr=\count416
\@tmpstrctr=\count417
\@DT@loopN=\count418
\@DT@X=\count419
)
(C:\Users\cdhro\AppData\Local\Programs\MiKTeX\tex/latex/datetime\datetime-defau
lts.sty
Package: datetime-defaults 2013/09/10
)
\@day=\count420
\@month=\count421
\@year=\count422
\c@HOUR=\count423
\c@HOURXII=\count424
\c@MINUTE=\count425
\c@TOHOUR=\count426
\c@TOMINUTE=\count427
\c@SECOND=\count428
\currenthour=\count429
\currentminute=\count430
\currentsecond=\count431
Package datetime Info: No datetime.cfg file found, using default settings on in
put line 308.

(C:\Users\cdhro\AppData\Local\Programs\MiKTeX\tex/latex/datetime\dt-UKenglish.d
ef
File: dt-UKenglish.def 2013/09/10
)
\@dtctr=\count432
\dayofyear=\count433
\dayofweek=\count434
LaTeX Info: Redefining \today on input line 736.
\dt@a=\toks70
\dt@b=\toks71
) (stm0005-notes.aux)
\openout1 = `stm0005-notes.aux'.

LaTeX Font Info:    Checking defaults for OML/cmm/m/it on input line 63.
LaTeX Font Info:    ... okay on input line 63.
LaTeX Font Info:    Checking defaults for OMS/cmsy/m/n on input line 63.
LaTeX Font Info:    ... okay on input line 63.
LaTeX Font Info:    Checking defaults for OT1/cmr/m/n on input line 63.
LaTeX Font Info:    ... okay on input line 63.
LaTeX Font Info:    Checking defaults for T1/cmr/m/n on input line 63.
LaTeX Font Info:    ... okay on input line 63.
LaTeX Font Info:    Checking defaults for TS1/cmr/m/n on input line 63.
LaTeX Font Info:    ... okay on input line 63.
LaTeX Font Info:    Checking defaults for OMX/cmex/m/n on input line 63.
LaTeX Font Info:    ... okay on input line 63.
LaTeX Font Info:    Checking defaults for U/cmr/m/n on input line 63.
LaTeX Font Info:    ... okay on input line 63.
LaTeX Font Info:    Checking defaults for PD1/pdf/m/n on input line 63.
LaTeX Font Info:    ... okay on input line 63.
LaTeX Font Info:    Checking defaults for PU/pdf/m/n on input line 63.
LaTeX Font Info:    ... okay on input line 63.
\openout4 = `lwarpmk.conf'.

\openout4 = `stm0005-notes.lwarpmkconf'.

\LWR@colorminipagebox=\box105
LaTeX Info: Redefining \microtypecontext on input line 63.
Package microtype Info: Applying patch `item' on input line 63.
Package microtype Info: Applying patch `toc' on input line 63.
Package microtype Info: Applying patch `eqnum' on input line 63.


Package microtype Warning: Unable to apply patch `footnote' on input line 63.

Package microtype Info: Applying patch `verbatim' on input line 63.
LaTeX Info: Redefining \microtypesetup on input line 63.
Package microtype Info: Generating PDF output.
Package microtype Info: Character protrusion enabled (level 2).
Package microtype Info: Using default protrusion set `alltext'.
Package microtype Info: Automatic font expansion enabled (level 2),
(microtype)             stretch: 20, shrink: 20, step: 1, non-selected.
Package microtype Info: Using default expansion set `alltext-nott'.
Package microtype Info: Patching command `\showhyphens'.
Package microtype Info: No adjustment of tracking.
Package microtype Info: No adjustment of interword spacing.
Package microtype Info: No adjustment of character kerning.
(C:\Users\cdhro\AppData\Local\Programs\MiKTeX\tex/latex/microtype\mt-cmr.cfg
File: mt-cmr.cfg 2013/05/19 v2.2 microtype config. file: Computer Modern Roman 
(RS)
)
(C:\Users\cdhro\AppData\Local\Programs\MiKTeX\tex/context/base/mkii\supp-pdf.mk
ii
[Loading MPS to PDF converter (version 2006.09.02).]
\scratchcounter=\count435
\scratchdimen=\dimen359
\scratchbox=\box106
\nofMPsegments=\count436
\nofMParguments=\count437
\everyMPshowfont=\toks72
\MPscratchCnt=\count438
\MPscratchDim=\dimen360
\MPnumerator=\count439
\makeMPintoPDFobject=\count440
\everyMPtoPDFconversion=\toks73
)
(C:\Users\cdhro\AppData\Local\Programs\MiKTeX\tex/latex/epstopdf-pkg\epstopdf-b
ase.sty
Package: epstopdf-base 2020-01-24 v2.11 Base part for package epstopdf

(C:\Users\cdhro\AppData\Local\Programs\MiKTeX\tex/latex/grfext\grfext.sty
Package: grfext 2019/12/03 v1.3 Manage graphics extensions (HO)
)
Package epstopdf-base Info: Redefining graphics rule for `.eps' on input line 4
85.
Package grfext Info: Graphics extension search list:
(grfext)             [.pdf,.png,.jpg,.mps,.jpeg,.jbig2,.jb2,.PDF,.PNG,.JPG,.JPE
G,.JBIG2,.JB2,.eps]
(grfext)             \AppendGraphicsExtensions on input line 504.

(C:\Users\cdhro\AppData\Local\Programs\MiKTeX\tex/latex/00miktex\epstopdf-sys.c
fg
File: epstopdf-sys.cfg 2021/03/18 v2.0 Configuration of epstopdf for MiKTeX
))
Package caption Info: Begin \AtBeginDocument code.
Package caption Info: hyperref package is loaded.
Package caption Info: End \AtBeginDocument code.

Package pgfplots notification 'compat/show suggested version=true': you might b
enefit from \pgfplotsset{compat=1.18} (current compat level: 1.12).

*geometry* driver: auto-detecting
*geometry* detected driver: pdftex

Package geometry Warning: The marginal notes overrun the paper.
     Add 9.64174pt and more to the right margin.

*geometry* verbose mode - [ preamble ] result:
* driver: pdftex
* paper: a4paper
* layout: <same size as paper>
* layoutoffset:(h,v)=(0.0pt,0.0pt)
* modes: twoside 
* h-part:(L,W,R)=(56.9055pt, 455.24411pt, 85.35826pt)
* v-part:(T,H,B)=(71.13188pt, 731.23584pt, 42.67912pt)
* \paperwidth=597.50787pt
* \paperheight=845.04684pt
* \textwidth=455.24411pt
* \textheight=731.23584pt
* \oddsidemargin=-15.36449pt
* \evensidemargin=13.08827pt
* \topmargin=-58.0436pt
* \headheight=28.45274pt
* \headsep=28.45274pt
* \topskip=12.0pt
* \footskip=28.45274pt
* \marginparwidth=88.0pt
* \marginparsep=7.0pt
* \columnsep=10.0pt
* \skip\footins=10.8pt plus 4.0pt minus 2.0pt
* \hoffset=0.0pt
* \voffset=0.0pt
* \mag=1000
* \@twocolumnfalse
* \@twosidetrue
* \@mparswitchtrue
* \@reversemarginfalse
* (1in=72.27pt=25.4mm, 1cm=28.453pt)

Package hyperref Info: Link coloring OFF on input line 63.
(stm0005-notes.out) (stm0005-notes.out)
\@outlinefile=\write7
\openout7 = `stm0005-notes.out'.


(C:\Users\cdhro\AppData\Local\Programs\MiKTeX\tex/latex/fmtcount\fc-english.def
File: fc-english.def 2016/01/12
)
LaTeX Font Info:    Trying to load font information for OT1+lmr on input line 7
1.
 (C:\Users\cdhro\AppData\Local\Programs\MiKTeX\tex/latex/lm\ot1lmr.fd
File: ot1lmr.fd 2015/05/01 v1.6.1 Font defs for Latin Modern
)
LaTeX Font Info:    Trying to load font information for OML+lmm on input line 7
1.

(C:\Users\cdhro\AppData\Local\Programs\MiKTeX\tex/latex/lm\omllmm.fd
File: omllmm.fd 2015/05/01 v1.6.1 Font defs for Latin Modern
)
LaTeX Font Info:    Trying to load font information for OMS+lmsy on input line 
71.

(C:\Users\cdhro\AppData\Local\Programs\MiKTeX\tex/latex/lm\omslmsy.fd
File: omslmsy.fd 2015/05/01 v1.6.1 Font defs for Latin Modern
)
LaTeX Font Info:    Trying to load font information for OMX+lmex on input line 
71.

(C:\Users\cdhro\AppData\Local\Programs\MiKTeX\tex/latex/lm\omxlmex.fd
File: omxlmex.fd 2015/05/01 v1.6.1 Font defs for Latin Modern
)
LaTeX Font Info:    External font `lmex10' loaded for size
(Font)              <14.4> on input line 71.
LaTeX Font Info:    External font `lmex10' loaded for size
(Font)              <10> on input line 71.
LaTeX Font Info:    External font `lmex10' loaded for size
(Font)              <7> on input line 71.
LaTeX Font Info:    Trying to load font information for U+msa on input line 71.


(C:\Users\cdhro\AppData\Local\Programs\MiKTeX\tex/latex/amsfonts\umsa.fd
File: umsa.fd 2013/01/14 v3.01 AMS symbols A
)
(C:\Users\cdhro\AppData\Local\Programs\MiKTeX\tex/latex/microtype\mt-msa.cfg
File: mt-msa.cfg 2006/02/04 v1.1 microtype config. file: AMS symbols (a) (RS)
)
LaTeX Font Info:    Trying to load font information for U+msb on input line 71.


(C:\Users\cdhro\AppData\Local\Programs\MiKTeX\tex/latex/amsfonts\umsb.fd
File: umsb.fd 2013/01/14 v3.01 AMS symbols B
)
(C:\Users\cdhro\AppData\Local\Programs\MiKTeX\tex/latex/microtype\mt-msb.cfg
File: mt-msb.cfg 2005/06/01 v1.0 microtype config. file: AMS symbols (b) (RS)
)
LaTeX Font Info:    Font shape `U/fsy/m/n' will be
(Font)              scaled to size 12.9599pt on input line 71.
LaTeX Font Info:    Font shape `U/fsy/m/n' will be
(Font)              scaled to size 8.99994pt on input line 71.
LaTeX Font Info:    Font shape `U/fsy/m/n' will be
(Font)              scaled to size 6.29996pt on input line 71.

[1


{C:/Users/cdhro/AppData/Local/MiKTeX/fonts/map/pdftex/pdftex.map}{C:/Users/cdhr
o/AppData/Local/Programs/MiKTeX/fonts/enc/dvips/lm/lm-ec.enc}]
(stm0005-notes.toc
LaTeX Font Info:    External font `lmex10' loaded for size
(Font)              <12> on input line 2.
LaTeX Font Info:    External font `lmex10' loaded for size
(Font)              <8> on input line 2.
LaTeX Font Info:    External font `lmex10' loaded for size
(Font)              <6> on input line 2.
LaTeX Font Info:    Font shape `U/fsy/m/n' will be
(Font)              scaled to size 10.79993pt on input line 2.
LaTeX Font Info:    Font shape `U/fsy/m/n' will be
(Font)              scaled to size 7.19995pt on input line 2.
LaTeX Font Info:    Font shape `U/fsy/m/n' will be
(Font)              scaled to size 5.39996pt on input line 2.
 [1

])
\tf@toc=\write8
\openout8 = `stm0005-notes.toc'.

 [2] (chapters/course-intro.tex
Chapter 1.

Underfull \hbox (badness 10000) in paragraph at lines 5--6

 []


Underfull \hbox (badness 10000) in paragraph at lines 8--9

 []


Underfull \hbox (badness 10000) in paragraph at lines 13--14

 []


Underfull \hbox (badness 10000) in paragraph at lines 15--16

 []

[1


]
Underfull \hbox (badness 10000) in paragraph at lines 17--18

 []


Underfull \hbox (badness 10000) in paragraph at lines 22--23

 []


Underfull \hbox (badness 10000) in paragraph at lines 24--25

 []


Underfull \hbox (badness 10000) in paragraph at lines 28--29

 []

LaTeX Font Info:    Trying to load font information for TS1+lmr on input line 3
4.
(C:\Users\cdhro\AppData\Local\Programs\MiKTeX\tex/latex/lm\ts1lmr.fd
File: ts1lmr.fd 2015/05/01 v1.6.1 Font defs for Latin Modern
) [2{C:/Users/cdhro/AppData/Local/Programs/MiKTeX/fonts/enc/dvips/lm/lm-ts1.enc
}]
LaTeX Font Info:    External font `lmex10' loaded for size
(Font)              <5> on input line 38.
LaTeX Font Info:    Font shape `U/fsy/m/n' will be
(Font)              scaled to size 4.49997pt on input line 38.

Underfull \hbox (badness 10000) in paragraph at lines 38--39

 []


Underfull \hbox (badness 10000) in paragraph at lines 40--41

 []


Underfull \hbox (badness 10000) in paragraph at lines 42--43

 []


Underfull \hbox (badness 10000) in paragraph at lines 44--45

 []

<figures/Enrico_Fermi_1943-49.jpg, id=328, 570.4512pt x 705.1143pt>
File: figures/Enrico_Fermi_1943-49.jpg Graphic file (type jpg)
<use figures/Enrico_Fermi_1943-49.jpg>
Package pdftex.def Info: figures/Enrico_Fermi_1943-49.jpg  used on input line 1
05.
(pdftex.def)             Requested size: 182.09486pt x 225.08171pt.
[3{C:/Users/cdhro/AppData/Local/Programs/MiKTeX/fonts/enc/dvips/lm/lm-rm.enc}{C
:/Users/cdhro/AppData/Local/Programs/MiKTeX/fonts/enc/dvips/lm/lm-mathit.enc}{C
:/Users/cdhro/AppData/Local/Programs/MiKTeX/fonts/enc/dvips/lm/lm-mathsy.enc}]
Underfull \hbox (badness 10000) in paragraph at lines 110--111

 []

[4]
Underfull \hbox (badness 10000) in paragraph at lines 129--130

 []

<figures/The_Scientific_Method.png, id=355, 2164.085pt x 2056.68375pt>
File: figures/The_Scientific_Method.png Graphic file (type png)
<use figures/The_Scientific_Method.png>
Package pdftex.def Info: figures/The_Scientific_Method.png  used on input line 
142.
(pdftex.def)             Requested size: 273.14923pt x 259.56404pt.

Underfull \hbox (badness 10000) in paragraph at lines 156--157

 []

[5 <./figures/Enrico_Fermi_1943-49.jpg>]
Underfull \hbox (badness 10000) in paragraph at lines 158--159

 []

[6 <./figures/The_Scientific_Method.png>]
Underfull \hbox (badness 10000) in paragraph at lines 186--187

 []


Underfull \hbox (badness 10000) in paragraph at lines 188--189

 []


Underfull \hbox (badness 10000) in paragraph at lines 190--191

 []

[7]) [8] (chapters/one-d.tex
Chapter 2.

Underfull \hbox (badness 10000) in paragraph at lines 5--6

 []


Underfull \hbox (badness 10000) in paragraph at lines 36--37

 []

LaTeX Font Info:    External font `lmex10' loaded for size
(Font)              <24.88> on input line 43.
LaTeX Font Info:    External font `lmex10' loaded for size
(Font)              <20.74> on input line 43.
LaTeX Font Info:    External font `lmex10' loaded for size
(Font)              <17.28> on input line 43.
LaTeX Font Info:    Font shape `U/fsy/m/n' will be
(Font)              scaled to size 22.39185pt on input line 43.
LaTeX Font Info:    Font shape `U/fsy/m/n' will be
(Font)              scaled to size 18.66588pt on input line 43.
LaTeX Font Info:    Font shape `U/fsy/m/n' will be
(Font)              scaled to size 15.55188pt on input line 43.

Underfull \hbox (badness 10000) in paragraph at lines 51--52

 []

[9

]
Underfull \hbox (badness 10000) in paragraph at lines 58--59

 []


Underfull \hbox (badness 10000) in paragraph at lines 73--74

 []


Underfull \hbox (badness 10000) in paragraph at lines 75--76

 []


Underfull \hbox (badness 10000) in paragraph at lines 91--92

 []

[10]
Underfull \hbox (badness 10000) in paragraph at lines 99--100

 []


Underfull \hbox (badness 10000) in paragraph at lines 105--107

 []


Underfull \hbox (badness 10000) in paragraph at lines 126--127

 []

[11]
Underfull \hbox (badness 10000) in paragraph at lines 152--153

 []


Underfull \hbox (badness 10000) in paragraph at lines 183--184

 []

[12]
Underfull \hbox (badness 10000) in paragraph at lines 204--206

 []


Underfull \hbox (badness 10000) in paragraph at lines 210--211

 []

[13]
Underfull \hbox (badness 10000) in paragraph at lines 212--213

 []


Underfull \hbox (badness 10000) in paragraph at lines 260--262

 []

[14]
Underfull \hbox (badness 10000) in paragraph at lines 293--295

 []

) [15] (chapters/freefall.tex [16

]
Chapter 3.

Underfull \hbox (badness 10000) in paragraph at lines 4--5

 []

<figures/Galileo.jpg, id=458, 451.6875pt x 573.8238pt>
File: figures/Galileo.jpg Graphic file (type jpg)
<use figures/Galileo.jpg>
Package pdftex.def Info: figures/Galileo.jpg  used on input line 10.
(pdftex.def)             Requested size: 182.09486pt x 231.3379pt.

Underfull \hbox (badness 10000) in paragraph at lines 18--20

 []

[17 <./figures/Galileo.jpg>]
Underfull \hbox (badness 10000) in paragraph at lines 52--53

 []

[18]
Underfull \hbox (badness 10000) in paragraph at lines 99--100

 []


Underfull \hbox (badness 10000) in paragraph at lines 102--103

 []

[19]
Underfull \hbox (badness 10000) in paragraph at lines 124--125

 []

[20{C:/Users/cdhro/AppData/Local/Programs/MiKTeX/fonts/enc/dvips/lm/lm-mathex.e
nc}] [21]
Underfull \hbox (badness 10000) in paragraph at lines 237--239

 []

[22]
Underfull \hbox (badness 10000) in paragraph at lines 272--273

 []

[23]
Underfull \hbox (badness 10000) in paragraph at lines 296--297

 []

[24] [25]) [26] (chapters/forces.tex
Chapter 4.

Underfull \hbox (badness 10000) in paragraph at lines 3--4

 []


Underfull \hbox (badness 10000) in paragraph at lines 5--6

 []


Underfull \hbox (badness 10000) in paragraph at lines 7--8

 []

LaTeX Font Info:    External font `lmex10' loaded for size
(Font)              <10.95> on input line 28.
LaTeX Font Info:    Font shape `U/fsy/m/n' will be
(Font)              scaled to size 9.85492pt on input line 28.
Missing character: There is no ; in font nullfont!
[27

]
<figures/inclined_plane.png, id=538, 565.36218pt x 425.33907pt>
File: figures/inclined_plane.png Graphic file (type png)
<use figures/inclined_plane.png>
Package pdftex.def Info: figures/inclined_plane.png  used on input line 52.
(pdftex.def)             Requested size: 182.09486pt x 136.99393pt.

Underfull \hbox (badness 10000) in paragraph at lines 57--58

 []


Underfull \hbox (badness 10000) in paragraph at lines 60--61

 []


Underfull \hbox (badness 10000) in paragraph at lines 63--64

 []

[28 <./figures/inclined_plane.png>]
Underfull \hbox (badness 10000) in paragraph at lines 68--70

 []

<figures/hanging_mass.png, id=550, 284.56313pt x 274.77657pt>
File: figures/hanging_mass.png Graphic file (type png)
<use figures/hanging_mass.png>
Package pdftex.def Info: figures/hanging_mass.png  used on input line 78.
(pdftex.def)             Requested size: 136.57462pt x 131.88286pt.

Underfull \hbox (badness 10000) in paragraph at lines 73--84

 []


Underfull \hbox (badness 10000) in paragraph at lines 114--116

 []

[29 <./figures/hanging_mass.png>]
Underfull \hbox (badness 10000) in paragraph at lines 139--140

 []

<figures/Portrait_of_Sir_Isaac_Newton,_1689.jpg, id=561, 2226.3175pt x 2681.016
25pt>
File: figures/Portrait_of_Sir_Isaac_Newton,_1689.jpg Graphic file (type jpg)
<use figures/Portrait_of_Sir_Isaac_Newton,_1689.jpg>
Package pdftex.def Info: figures/Portrait_of_Sir_Isaac_Newton,_1689.jpg  used o
n input line 150.
(pdftex.def)             Requested size: 182.09486pt x 219.27203pt.
[30]
Underfull \hbox (badness 10000) in paragraph at lines 155--156

 []


Underfull \hbox (badness 10000) in paragraph at lines 157--158

 []


Underfull \hbox (badness 10000) in paragraph at lines 161--162

 []

[31 <./figures/Portrait_of_Sir_Isaac_Newton,_1689.jpg>]
Underfull \hbox (badness 10000) in paragraph at lines 171--172

 []


Underfull \hbox (badness 10000) in paragraph at lines 182--183

 []


Underfull \hbox (badness 10000) in paragraph at lines 186--187

 []


Underfull \hbox (badness 10000) in paragraph at lines 199--200

 []

[32]
Underfull \hbox (badness 10000) in paragraph at lines 207--208

 []


Underfull \hbox (badness 10000) in paragraph at lines 209--210

 []


Underfull \hbox (badness 10000) in paragraph at lines 219--220

 []

[33] [34]
Underfull \hbox (badness 10000) in paragraph at lines 313--314

 []

<figures/recoil.png, id=603, 433.62pt x 123.46124pt>
File: figures/recoil.png Graphic file (type png)
<use figures/recoil.png>
Package pdftex.def Info: figures/recoil.png  used on input line 328.
(pdftex.def)             Requested size: 182.09486pt x 51.84583pt.
[35]
Underfull \hbox (badness 10000) in paragraph at lines 352--353

 []


Underfull \hbox (badness 10000) in paragraph at lines 354--355

 []

[36 <./figures/recoil.png>]
Underfull \hbox (badness 10000) in paragraph at lines 381--382

 []

) [37] (chapters/energy.tex [38

]
Chapter 5.

Underfull \hbox (badness 10000) in paragraph at lines 5--6

 []


Underfull \hbox (badness 10000) in paragraph at lines 15--16

 []

[39]
Underfull \hbox (badness 10000) in paragraph at lines 27--28

 []

<figures/SHO_lagrangian_mech.png, id=631, 1284.8pt x 343.2825pt>
File: figures/SHO_lagrangian_mech.png Graphic file (type png)
<use figures/SHO_lagrangian_mech.png>
Package pdftex.def Info: figures/SHO_lagrangian_mech.png  used on input line 35
.
(pdftex.def)             Requested size: 273.14923pt x 72.98192pt.
<figures/spring_work.png, id=633, 268.00125pt x 212.29312pt>
File: figures/spring_work.png Graphic file (type png)
<use figures/spring_work.png>
Package pdftex.def Info: figures/spring_work.png  used on input line 49.
(pdftex.def)             Requested size: 182.09486pt x 144.2408pt.

Underfull \hbox (badness 10000) in paragraph at lines 56--57

 []

[40 <./figures/SHO_lagrangian_mech.png> <./figures/spring_work.png>]
Underfull \hbox (badness 10000) in paragraph at lines 80--81

 []


Underfull \hbox (badness 10000) in paragraph at lines 92--93

 []


Underfull \hbox (badness 10000) in paragraph at lines 94--95

 []

[41]
Underfull \hbox (badness 10000) in paragraph at lines 99--101

 []

[42]
Underfull \hbox (badness 10000) in paragraph at lines 130--131

 []


Underfull \hbox (badness 10000) in paragraph at lines 132--133

 []


Underfull \hbox (badness 10000) in paragraph at lines 154--155

 []

[43]
Underfull \hbox (badness 10000) in paragraph at lines 166--168

 []


Underfull \hbox (badness 10000) in paragraph at lines 175--176

 []


Underfull \hbox (badness 10000) in paragraph at lines 200--201

 []

[44]
Underfull \hbox (badness 10000) in paragraph at lines 205--207

 []


Underfull \hbox (badness 10000) in paragraph at lines 208--209

 []


Underfull \hbox (badness 10000) in paragraph at lines 215--216

 []


Underfull \hbox (badness 10000) in paragraph at lines 234--235

 []


Underfull \hbox (badness 10000) in paragraph at lines 236--237

 []


Underfull \hbox (badness 10000) in paragraph at lines 238--239

 []

[45]
Underfull \hbox (badness 10000) in paragraph at lines 240--241

 []

[46]
Underfull \hbox (badness 10000) in paragraph at lines 274--275

 []


Underfull \hbox (badness 10000) in paragraph at lines 276--277

 []


Underfull \hbox (badness 10000) in paragraph at lines 278--279

 []


Underfull \hbox (badness 10000) in paragraph at lines 302--304

 []

[47]
Underfull \hbox (badness 10000) in paragraph at lines 318--320

 []

) [48] (chapters/circle.tex
Chapter 6.

Underfull \hbox (badness 10000) in paragraph at lines 3--4

 []


Underfull \hbox (badness 10000) in paragraph at lines 35--37

 []

[49

]
Underfull \hbox (badness 10000) in paragraph at lines 65--66

 []


Underfull \hbox (badness 10000) in paragraph at lines 67--68

 []

[50]
Underfull \hbox (badness 10000) in paragraph at lines 120--122

 []

[51]
Underfull \hbox (badness 10000) in paragraph at lines 158--159

 []


Underfull \hbox (badness 10000) in paragraph at lines 189--190

 []

[52] [53]
Underfull \hbox (badness 10000) in paragraph at lines 249--251

 []


Underfull \hbox (badness 10000) in paragraph at lines 252--253

 []


Underfull \hbox (badness 10000) in paragraph at lines 261--263

 []

[54]
Underfull \hbox (badness 10000) in paragraph at lines 309--310

 []

[55] [56]) [57] (chapters/oscillations.tex [58

]
Chapter 7.

Underfull \hbox (badness 10000) in paragraph at lines 14--15

 []


Underfull \hbox (badness 10000) in paragraph at lines 25--26

 []


Underfull \hbox (badness 10000) in paragraph at lines 32--33

 []

[59]
Underfull \hbox (badness 10000) in paragraph at lines 42--43

 []


Underfull \hbox (badness 10000) in paragraph at lines 44--45

 []


Underfull \hbox (badness 10000) in paragraph at lines 65--66

 []

[60]
Underfull \hbox (badness 10000) in paragraph at lines 78--79

 []


Underfull \hbox (badness 10000) in paragraph at lines 108--109

 []


Underfull \hbox (badness 10000) in paragraph at lines 110--111

 []


Underfull \hbox (badness 10000) in paragraph at lines 112--113

 []


Underfull \hbox (badness 10000) in paragraph at lines 114--115

 []

[61]
Underfull \hbox (badness 10000) in paragraph at lines 151--153

 []


Underfull \hbox (badness 10000) in paragraph at lines 157--159

 []


Underfull \hbox (badness 10000) in paragraph at lines 160--161

 []

[62]
Underfull \hbox (badness 10000) in paragraph at lines 169--170

 []


Underfull \hbox (badness 10000) in paragraph at lines 184--186

 []


Underfull \hbox (badness 10000) in paragraph at lines 196--197

 []


Underfull \hbox (badness 10000) in paragraph at lines 198--199

 []

[63]
<figures/Simple_gravity_pendulum.png, id=820, 2185.16376pt x 2055.68pt>
File: figures/Simple_gravity_pendulum.png Graphic file (type png)
<use figures/Simple_gravity_pendulum.png>
Package pdftex.def Info: figures/Simple_gravity_pendulum.png  used on input lin
e 236.
(pdftex.def)             Requested size: 273.14923pt x 256.95937pt.

Underfull \hbox (badness 10000) in paragraph at lines 243--244

 []

[64] [65 <./figures/Simple_gravity_pendulum.png>]
Underfull \hbox (badness 10000) in paragraph at lines 286--288

 []


Underfull \hbox (badness 10000) in paragraph at lines 289--290

 []


Underfull \hbox (badness 10000) in paragraph at lines 294--296

 []


Underfull \hbox (badness 10000) in paragraph at lines 297--298

 []


Underfull \hbox (badness 10000) in paragraph at lines 299--300

 []

[66]
Underfull \hbox (badness 10000) in paragraph at lines 326--327

 []

[67]
Underfull \hbox (badness 10000) in paragraph at lines 344--345

 []


Underfull \hbox (badness 10000) in paragraph at lines 346--347

 []


Underfull \hbox (badness 10000) in paragraph at lines 348--349

 []


Underfull \hbox (badness 10000) in paragraph at lines 351--352

 []


Underfull \hbox (badness 10000) in paragraph at lines 355--356

 []

) [68] [69] (chapters/circuits.tex [70

]
Chapter 8.

Underfull \hbox (badness 10000) in paragraph at lines 6--7

 []


Underfull \hbox (badness 10000) in paragraph at lines 8--9

 []


Underfull \hbox (badness 10000) in paragraph at lines 10--11

 []


Underfull \hbox (badness 10000) in paragraph at lines 12--13

 []

[71]
Underfull \hbox (badness 10000) in paragraph at lines 25--27

 []


Underfull \hbox (badness 10000) in paragraph at lines 28--29

 []


Underfull \hbox (badness 10000) in paragraph at lines 40--41

 []


Underfull \hbox (badness 10000) in paragraph at lines 47--48

 []

[72]
Underfull \hbox (badness 10000) in paragraph at lines 57--58

 []


Underfull \hbox (badness 10000) in paragraph at lines 67--69

 []


Underfull \hbox (badness 10000) in paragraph at lines 70--71

 []


Underfull \hbox (badness 10000) in paragraph at lines 72--73

 []


Underfull \hbox (badness 10000) in paragraph at lines 74--75

 []

[73]
Underfull \hbox (badness 10000) in paragraph at lines 104--105

 []


Underfull \hbox (badness 10000) in paragraph at lines 117--118

 []

[74] [75]
Underfull \hbox (badness 10000) in paragraph at lines 215--216

 []

[76]
Underfull \hbox (badness 10000) in paragraph at lines 274--275

 []

[77]
Underfull \hbox (badness 10000) in paragraph at lines 331--332

 []


Underfull \vbox (badness 1024) has occurred while \output is active []

 [78]
Underfull \hbox (badness 10000) in paragraph at lines 362--364

 []


Underfull \hbox (badness 10000) in paragraph at lines 367--368

 []

[79]
Underfull \hbox (badness 10000) in paragraph at lines 395--397

 []


Underfull \hbox (badness 10000) in paragraph at lines 420--421

 []

[80] [81]
Underfull \hbox (badness 10000) in paragraph at lines 512--513

 []


Underfull \hbox (badness 10000) in paragraph at lines 520--521

 []

[82]
Underfull \hbox (badness 10000) in paragraph at lines 563--564

 []

[83]
Underfull \hbox (badness 10000) in paragraph at lines 613--614

 []


Underfull \hbox (badness 10000) in paragraph at lines 619--621

 []


Underfull \hbox (badness 10000) in paragraph at lines 625--627

 []

[84]
Underfull \hbox (badness 10000) in paragraph at lines 649--651

 []


Underfull \hbox (badness 10000) in paragraph at lines 652--653

 []


Underfull \hbox (badness 10000) in paragraph at lines 660--662

 []

[85]
Underfull \hbox (badness 10000) in paragraph at lines 684--686

 []


Underfull \hbox (badness 10000) in paragraph at lines 707--708

 []

[86] [87]) [88] (chapters/modern.tex
Chapter 9.

Underfull \hbox (badness 10000) in paragraph at lines 2--3

 []


Underfull \hbox (badness 10000) in paragraph at lines 4--5

 []


Underfull \hbox (badness 10000) in paragraph at lines 6--7

 []


Underfull \hbox (badness 10000) in paragraph at lines 11--12

 []

<figures/James-Clerk-Maxwell.jpg, id=1038, 197.2971pt x 246.6816pt>
File: figures/James-Clerk-Maxwell.jpg Graphic file (type jpg)
<use figures/James-Clerk-Maxwell.jpg>
Package pdftex.def Info: figures/James-Clerk-Maxwell.jpg  used on input line 17
.
(pdftex.def)             Requested size: 182.09486pt x 227.69133pt.

Underfull \hbox (badness 10000) in paragraph at lines 22--23

 []

[89

]
Underfull \hbox (badness 10000) in paragraph at lines 24--25

 []

<figures/Einstein_1921_by_F_Schmutzer_-_restoration.jpg, id=1046, 607.7907pt x 
798.1017pt>
File: figures/Einstein_1921_by_F_Schmutzer_-_restoration.jpg Graphic file (type
 jpg)
<use figures/Einstein_1921_by_F_Schmutzer_-_restoration.jpg>
Package pdftex.def Info: figures/Einstein_1921_by_F_Schmutzer_-_restoration.jpg
  used on input line 30.
(pdftex.def)             Requested size: 182.09486pt x 239.10355pt.

Underfull \hbox (badness 10000) in paragraph at lines 42--43

 []


Underfull \hbox (badness 10000) in paragraph at lines 44--45

 []

[90 <./figures/James-Clerk-Maxwell.jpg>]
Underfull \hbox (badness 10000) in paragraph at lines 46--47

 []

[91 <./figures/Einstein_1921_by_F_Schmutzer_-_restoration.jpg>]
Underfull \hbox (badness 10000) in paragraph at lines 80--82

 []


Underfull \hbox (badness 10000) in paragraph at lines 83--84

 []


Underfull \hbox (badness 10000) in paragraph at lines 93--94

 []

[92]
Underfull \hbox (badness 10000) in paragraph at lines 116--118

 []


Underfull \hbox (badness 10000) in paragraph at lines 122--124

 []


Underfull \hbox (badness 10000) in paragraph at lines 128--129

 []


Underfull \hbox (badness 10000) in paragraph at lines 130--131

 []


Underfull \hbox (badness 10000) in paragraph at lines 132--133

 []

[93]
Underfull \hbox (badness 10000) in paragraph at lines 134--135

 []


Underfull \hbox (badness 10000) in paragraph at lines 136--137

 []

<figures/Two-Slit_Experiment_Particles.png, id=1085, 2569.6pt x 1798.72pt>
File: figures/Two-Slit_Experiment_Particles.png Graphic file (type png)
<use figures/Two-Slit_Experiment_Particles.png>
Package pdftex.def Info: figures/Two-Slit_Experiment_Particles.png  used on inp
ut line 142.
(pdftex.def)             Requested size: 227.62206pt x 159.32532pt.

Underfull \hbox (badness 10000) in paragraph at lines 148--149

 []

<figures/Two-Slit_Experiment_Light.png, id=1091, 2569.6pt x 1798.72pt>
File: figures/Two-Slit_Experiment_Light.png Graphic file (type png)
<use figures/Two-Slit_Experiment_Light.png>
Package pdftex.def Info: figures/Two-Slit_Experiment_Light.png  used on input l
ine 154.
(pdftex.def)             Requested size: 227.62206pt x 159.32532pt.

Underfull \hbox (badness 10000) in paragraph at lines 160--161

 []

[94 <./figures/Two-Slit_Experiment_Particles.png>]
Underfull \hbox (badness 10000) in paragraph at lines 162--163

 []


Underfull \hbox (badness 10000) in paragraph at lines 164--165

 []

<figures/double_slit_electrons.png, id=1106, 2569.6pt x 1230.5975pt>
File: figures/double_slit_electrons.png Graphic file (type png)
<use figures/double_slit_electrons.png>
Package pdftex.def Info: figures/double_slit_electrons.png  used on input line 
170.
(pdftex.def)             Requested size: 227.62206pt x 109.0027pt.
) [95 <./figures/Two-Slit_Experiment_Light.png> <./figures/double_slit_electron
s.png>] [96] (chapters/background.tex
Chapter 10.

Underfull \hbox (badness 10000) in paragraph at lines 14--15

 []


Underfull \hbox (badness 10000) in paragraph at lines 17--18

 []


Underfull \hbox (badness 10000) in paragraph at lines 19--20

 []


Underfull \hbox (badness 10000) in paragraph at lines 24--25

 []

[97

]
Underfull \hbox (badness 10000) in paragraph at lines 57--59

 []


Underfull \hbox (badness 10000) in paragraph at lines 63--64

 []

[98]
Underfull \hbox (badness 10000) in paragraph at lines 69--71

 []


Underfull \hbox (badness 10000) in paragraph at lines 72--73

 []


Underfull \hbox (badness 10000) in paragraph at lines 83--85

 []


Underfull \hbox (badness 10000) in paragraph at lines 95--97

 []


Underfull \hbox (badness 10000) in paragraph at lines 101--103

 []

[99]
Underfull \hbox (badness 10000) in paragraph at lines 134--136

 []

[100]
Underfull \hbox (badness 10000) in paragraph at lines 143--145

 []


Underfull \hbox (badness 10000) in paragraph at lines 160--162

 []

[101]
Underfull \hbox (badness 10000) in paragraph at lines 180--182

 []


Underfull \hbox (badness 10000) in paragraph at lines 186--188

 []

) [102] (chapters/further_reading.tex
Chapter 11.

Underfull \hbox (badness 10000) in paragraph at lines 3--4

 []


Underfull \hbox (badness 10000) in paragraph at lines 5--6

 []


Underfull \hbox (badness 10000) in paragraph at lines 7--8

 []


Underfull \hbox (badness 10000) in paragraph at lines 9--10

 []


Underfull \hbox (badness 10000) in paragraph at lines 11--12

 []


Underfull \hbox (badness 10000) in paragraph at lines 13--14

 []


Underfull \vbox (badness 10000) has occurred while \output is active []

 [103

]
Underfull \hbox (badness 10000) in paragraph at lines 18--19

 []


Underfull \hbox (badness 10000) in paragraph at lines 23--24

 []


Underfull \hbox (badness 10000) in paragraph at lines 25--26

 []


Underfull \hbox (badness 10000) in paragraph at lines 29--30

 []

[104]
Underfull \hbox (badness 10000) in paragraph at lines 51--52

 []


Underfull \hbox (badness 10000) in paragraph at lines 53--54

 []


Underfull \hbox (badness 10000) in paragraph at lines 55--56

 []

[105]
Underfull \hbox (badness 10000) in paragraph at lines 60--61

 []

) [106] (chapters/formula.tex
Chapter 12.

Underfull \hbox (badness 10000) in paragraph at lines 3--4

 []


Underfull \hbox (badness 10000) in paragraph at lines 5--6

 []


Underfull \hbox (badness 10000) in paragraph at lines 16--17

 []


Underfull \hbox (badness 10000) in paragraph at lines 18--19

 []


Underfull \hbox (badness 10000) in paragraph at lines 20--21

 []


Underfull \hbox (badness 10000) in paragraph at lines 22--23

 []


Underfull \hbox (badness 10000) in paragraph at lines 24--25

 []


Underfull \hbox (badness 10000) in paragraph at lines 26--27

 []


Underfull \vbox (badness 10000) has occurred while \output is active []

 [107

]
[108]) [109] (stm0005-notes.bbl [110


]) [111] (stm0005-notes.aux)
 ***********
LaTeX2e <2025-11-01>
L3 programming layer <2020/03/25>
 ***********
Package rerunfilecheck Info: File `stm0005-notes.out' has not changed.
(rerunfilecheck)             Checksum: C866137A435E83EDFBA9938B3A71A97E;9251.
 ) 
Here is how much of TeX's memory you used:
 57884 strings out of 467866
 1352260 string characters out of 5418325
 1917208 words of memory out of 5000000
 84738 multiletter control sequences out of 15000+600000
 746224 words of font info for 316 fonts, out of 8000000 for 9000
 1141 hyphenation exceptions out of 8191
 103i,17n,137p,2484b,1506s stack positions out of 10000i,1000n,20000p,200000b,200000s
<C:/Users/cdhro/AppData/Local/Programs/MiKTeX/fonts/type1/public/lm/lmbx10.pf
b><C:/Users/cdhro/AppData/Local/Programs/MiKTeX/fonts/type1/public/lm/lmbx12.pf
b><C:/Users/cdhro/AppData/Local/Programs/MiKTeX/fonts/type1/public/lm/lmex10.pf
b><C:/Users/cdhro/AppData/Local/Programs/MiKTeX/fonts/type1/public/lm/lmmi10.pf
b><C:/Users/cdhro/AppData/Local/Programs/MiKTeX/fonts/type1/public/lm/lmmi12.pf
b><C:/Users/cdhro/AppData/Local/Programs/MiKTeX/fonts/type1/public/lm/lmmi6.pfb
><C:/Users/cdhro/AppData/Local/Programs/MiKTeX/fonts/type1/public/lm/lmmi7.pfb>
<C:/Users/cdhro/AppData/Local/Programs/MiKTeX/fonts/type1/public/lm/lmmi8.pfb><
C:/Users/cdhro/AppData/Local/Programs/MiKTeX/fonts/type1/public/lm/lmr10.pfb><C
:/Users/cdhro/AppData/Local/Programs/MiKTeX/fonts/type1/public/lm/lmr12.pfb><C:
/Users/cdhro/AppData/Local/Programs/MiKTeX/fonts/type1/public/lm/lmr17.pfb><C:/
Users/cdhro/AppData/Local/Programs/MiKTeX/fonts/type1/public/lm/lmr6.pfb><C:/Us
ers/cdhro/AppData/Local/Programs/MiKTeX/fonts/type1/public/lm/lmr7.pfb><C:/User
s/cdhro/AppData/Local/Programs/MiKTeX/fonts/type1/public/lm/lmr8.pfb><C:/Users/
cdhro/AppData/Local/Programs/MiKTeX/fonts/type1/public/lm/lmri12.pfb><C:/Users/
cdhro/AppData/Local/Programs/MiKTeX/fonts/type1/public/lm/lmro12.pfb><C:/Users/
cdhro/AppData/Local/Programs/MiKTeX/fonts/type1/public/lm/lmsy10.pfb><C:/Users/
cdhro/AppData/Local/Programs/MiKTeX/fonts/type1/public/lm/lmsy8.pfb><C:/Users/c
dhro/AppData/Local/Programs/MiKTeX/fonts/type1/urw/symbol/usyr.pfb>
Output written on stm0005-notes.pdf (114 pages, 9306600 bytes).
PDF statistics:
 1445 PDF objects out of 1728 (max. 8388607)
 410 named destinations out of 1000 (max. 500000)
 59928 words of extra memory for PDF output out of 61914 (max. 10000000)

