This is pdfTeX, Version 3.141592653-2.6-1.40.29 (MiKTeX 26.1) (preloaded format=pdflatex 2026.2.10)  17 FEB 2026 11:38
entering extended mode
 restricted \write18 enabled.
 %&-line parsing enabled.
**./stm0005-notes_html.tex
(stm0005-notes_html.tex
LaTeX2e <2025-11-01>
L3 programming layer <2026-01-19>
(stm0005-notes.tex
(C:\Users\cdhro\AppData\Local\Programs\MiKTeX\tex/latex/base\book.cls
Document Class: book 2025/01/22 v1.4n Standard LaTeX document class
(C:\Users\cdhro\AppData\Local\Programs\MiKTeX\tex/latex/base\bk12.clo
File: bk12.clo 2025/01/22 v1.4n Standard LaTeX file (size option)
)
\c@part=\count275
\c@chapter=\count276
\c@section=\count277
\c@subsection=\count278
\c@subsubsection=\count279
\c@paragraph=\count280
\c@subparagraph=\count281
\c@figure=\count282
\c@table=\count283
\abovecaptionskip=\skip49
\belowcaptionskip=\skip50
\bibindent=\dimen148
)
(C:\Users\cdhro\AppData\Local\Programs\MiKTeX\tex/generic/iftex\iftex.sty
Package: iftex 2024/12/12 v1.0g TeX engine tests
)
(C:\Users\cdhro\AppData\Local\Programs\MiKTeX\tex/latex/lm\lmodern.sty
Package: lmodern 2015/05/01 v1.6.1 Latin Modern Fonts
LaTeX Font Info:    Overwriting symbol font `operators' in version `normal'
(Font)                  OT1/cmr/m/n --> OT1/lmr/m/n on input line 22.
LaTeX Font Info:    Overwriting symbol font `letters' in version `normal'
(Font)                  OML/cmm/m/it --> OML/lmm/m/it on input line 23.
LaTeX Font Info:    Overwriting symbol font `symbols' in version `normal'
(Font)                  OMS/cmsy/m/n --> OMS/lmsy/m/n on input line 24.
LaTeX Font Info:    Overwriting symbol font `largesymbols' in version `normal'
(Font)                  OMX/cmex/m/n --> OMX/lmex/m/n on input line 25.
LaTeX Font Info:    Overwriting symbol font `operators' in version `bold'
(Font)                  OT1/cmr/bx/n --> OT1/lmr/bx/n on input line 26.
LaTeX Font Info:    Overwriting symbol font `letters' in version `bold'
(Font)                  OML/cmm/b/it --> OML/lmm/b/it on input line 27.
LaTeX Font Info:    Overwriting symbol font `symbols' in version `bold'
(Font)                  OMS/cmsy/b/n --> OMS/lmsy/b/n on input line 28.
LaTeX Font Info:    Overwriting symbol font `largesymbols' in version `bold'
(Font)                  OMX/cmex/m/n --> OMX/lmex/m/n on input line 29.
LaTeX Font Info:    Overwriting math alphabet `\mathbf' in version `normal'
(Font)                  OT1/cmr/bx/n --> OT1/lmr/bx/n on input line 31.
LaTeX Font Info:    Overwriting math alphabet `\mathsf' in version `normal'
(Font)                  OT1/cmss/m/n --> OT1/lmss/m/n on input line 32.
LaTeX Font Info:    Overwriting math alphabet `\mathit' in version `normal'
(Font)                  OT1/cmr/m/it --> OT1/lmr/m/it on input line 33.
LaTeX Font Info:    Overwriting math alphabet `\mathtt' in version `normal'
(Font)                  OT1/cmtt/m/n --> OT1/lmtt/m/n on input line 34.
LaTeX Font Info:    Overwriting math alphabet `\mathbf' in version `bold'
(Font)                  OT1/cmr/bx/n --> OT1/lmr/bx/n on input line 35.
LaTeX Font Info:    Overwriting math alphabet `\mathsf' in version `bold'
(Font)                  OT1/cmss/bx/n --> OT1/lmss/bx/n on input line 36.
LaTeX Font Info:    Overwriting math alphabet `\mathit' in version `bold'
(Font)                  OT1/cmr/bx/it --> OT1/lmr/bx/it on input line 37.
LaTeX Font Info:    Overwriting math alphabet `\mathtt' in version `bold'
(Font)                  OT1/cmtt/m/n --> OT1/lmtt/m/n on input line 38.
)
(C:\Users\cdhro\AppData\Local\Programs\MiKTeX\tex/latex/base\fontenc.sty
Package: fontenc 2025/07/18 v2.1d Standard LaTeX package
LaTeX Font Info:    Trying to load font information for T1+lmr on input line 11
6.

(C:\Users\cdhro\AppData\Local\Programs\MiKTeX\tex/latex/lm\t1lmr.fd
File: t1lmr.fd 2015/05/01 v1.6.1 Font defs for Latin Modern
))
(C:\Users\cdhro\AppData\Local\Programs\MiKTeX\tex/latex/base\inputenc.sty
Package: inputenc 2024/02/08 v1.3d Input encoding file
\inpenc@prehook=\toks17
\inpenc@posthook=\toks18
)
(C:\Users\cdhro\AppData\Local\Programs\MiKTeX\tex/latex/lwarp\lwarp.sty
Package: lwarp 2025/12/10 v0.920 Allows LaTeX to directly produce HTML5 output.


(C:\Users\cdhro\AppData\Local\Programs\MiKTeX\tex/generic/iftex\ifpdf.sty
Package: ifpdf 2019/10/25 v3.4 ifpdf legacy package. Use iftex instead.
)
(C:\Users\cdhro\AppData\Local\Programs\MiKTeX\tex/latex/ifptex\ifptex.sty
Package: ifptex 2023/04/08 v2.2c pTeX checker
)
(C:\Users\cdhro\AppData\Local\Programs\MiKTeX\tex/latex/etoolbox\etoolbox.sty
Package: etoolbox 2025/10/02 v2.5m e-TeX tools for LaTeX (JAW)
\etb@tempcnta=\count284
)
(C:\Users\cdhro\AppData\Local\Programs\MiKTeX\tex/latex/verifycommand\verifycom
mand.sty
Package: verifycommand 2025/03/07 v1.11 Verify definitions have not changed.
)
(C:\Users\cdhro\AppData\Local\Programs\MiKTeX\tex/latex/xpatch\xpatch.sty
(C:\Users\cdhro\AppData\Local\Programs\MiKTeX\tex/latex/l3kernel\expl3.sty
Package: expl3 2026-01-19 L3 programming layer (loader) 

(C:\Users\cdhro\AppData\Local\Programs\MiKTeX\tex/latex/l3backend\l3backend-pdf
tex.def
File: l3backend-pdftex.def 2025-10-09 L3 backend support: PDF output (pdfTeX)
\l__color_backend_stack_int=\count285
))
Package: xpatch 2020/03/25 v0.3a Extending etoolbox patching commands

(C:\Users\cdhro\AppData\Local\Programs\MiKTeX\tex/latex/l3packages/xparse\xpars
e.sty
Package: xparse 2025-10-09 L3 Experimental document command parser
))
(C:\Users\cdhro\AppData\Local\Programs\MiKTeX\tex/latex/ifplatform\ifplatform.s
ty
Package: ifplatform 2017/10/13 v0.4a Testing for the operating system
 (C:\Users\cdhro\AppData\Local\Programs\MiKTeX\tex/latex/tools\shellesc.sty
Package: shellesc 2023/07/08 v1.0d unified shell escape interface for LaTeX
Package shellesc Info: Restricted shell escape enabled on input line 77.
)
(C:\Users\cdhro\AppData\Local\Programs\MiKTeX\tex/generic/pdftexcmds\pdftexcmds
.sty
Package: pdftexcmds 2020-06-27 v0.33 Utility functions of pdfTeX for LuaTeX (HO
)

(C:\Users\cdhro\AppData\Local\Programs\MiKTeX\tex/generic/infwarerr\infwarerr.s
ty
Package: infwarerr 2019/12/03 v1.5 Providing info/warning/error messages (HO)
)
(C:\Users\cdhro\AppData\Local\Programs\MiKTeX\tex/generic/ltxcmds\ltxcmds.sty
Package: ltxcmds 2023-12-04 v1.26 LaTeX kernel commands for general use (HO)
)
Package pdftexcmds Info: \pdf@primitive is available.
Package pdftexcmds Info: \pdf@ifprimitive is available.
Package pdftexcmds Info: \pdfdraftmode found.
)
(C:\Users\cdhro\AppData\Local\Programs\MiKTeX\tex/generic/catchfile\catchfile.s
ty
Package: catchfile 2019/12/09 v1.8 Catch the contents of a file (HO)

(C:\Users\cdhro\AppData\Local\Programs\MiKTeX\tex/generic/etexcmds\etexcmds.sty
Package: etexcmds 2019/12/15 v1.7 Avoid name clashes with e-TeX commands (HO)
)) (C:\Users\cdhro\AppData\Local\Programs\MiKTeX\tex/generic/iftex\ifluatex.sty
Package: ifluatex 2019/10/25 v1.5 ifluatex legacy package. Use iftex instead.
)

Package ifplatform Warning: 
    shell escape is disabled, so I can only detect \ifwindows.

)
(C:\Users\cdhro\AppData\Local\Programs\MiKTeX\tex/latex/letltxmacro\letltxmacro
.sty
Package: letltxmacro 2019/12/03 v1.6 Let assignment for LaTeX macros (HO)
) (C:\Users\cdhro\AppData\Local\Programs\MiKTeX\tex/latex/base\fontenc.sty
Package: fontenc 2025/07/18 v2.1d Standard LaTeX package
)
(C:\Users\cdhro\AppData\Local\Programs\MiKTeX\tex/latex/newunicodechar\newunico
dechar.sty
Package: newunicodechar 2018/04/08 v1.2 Defining Unicode characters
)

Package newunicodechar Warning: Redefining Unicode character on input line 876.



Package newunicodechar Warning: Redefining Unicode character on input line 877.



Package newunicodechar Warning: Redefining Unicode character on input line 878.



Package newunicodechar Warning: Redefining Unicode character on input line 879.



Package newunicodechar Warning: Redefining Unicode character on input line 880.



Package newunicodechar Warning: Redefining Unicode character on input line 881.



Package newunicodechar Warning: Redefining Unicode character on input line 882.


(C:\Users\cdhro\AppData\Local\Programs\MiKTeX\tex/latex/upquote\upquote.sty
Package: upquote 2012/04/19 v1.3 upright-quote and grave-accent glyphs in verba
tim

(C:\Users\cdhro\AppData\Local\Programs\MiKTeX\tex/latex/base\textcomp.sty
Package: textcomp 2024/04/24 v2.1b Standard LaTeX package
))
\LWR@templengthone=\skip51
\LWR@templengthtwo=\skip52
\LWR@templengththree=\skip53
\c@LWR@tempcountone=\count286
\c@LWR@texboxdepth=\count287

(C:\Users\cdhro\AppData\Local\Programs\MiKTeX\tex/latex/kvoptions\kvoptions.sty
Package: kvoptions 2022-06-15 v3.15 Key value format for package options (HO)
(C:\Users\cdhro\AppData\Local\Programs\MiKTeX\tex/latex/graphics\keyval.sty
Package: keyval 2022/05/29 v1.15 key=value parser (DPC)
\KV@toks@=\toks19
)
(C:\Users\cdhro\AppData\Local\Programs\MiKTeX\tex/latex/kvsetkeys\kvsetkeys.sty
Package: kvsetkeys 2022-10-05 v1.19 Key value parser (HO)
))
Package lwarp Info: Using option 'warpHTML' on input line 1241.
Package lwarp Info: Using option 'mathjax' on input line 1241.
 (C:\Users\cdhro\AppData\Local\Programs\MiKTeX\tex/latex/comment\comment.sty
\CommentStream=\write3

Excluding comment 'comment') Lwarp: Including comment 'warpall'
Lwarp: Including comment 'warpHTML' Lwarp: Excluding comment 'warpprint'
Excluding 'warpprint' comment. Including 'warpHTML' comment.
\openout3 = `comment_html.cut'.


Straight input of comment_html.cut. (comment_html.cut
Lwarp: Including comment 'warpMathJax') Excluding 'warpprint' comment.
Including 'warpHTML' comment.
\openout3 = `comment_html.cut'.

 Straight input of comment_html.cut.
(comment_html.cut Lwarp: Excluding comment 'warpsvg')
Lwarp: Excluding comment 'LWRcreatelwarpmk' Including 'warpHTML' comment.
\openout3 = `comment_html.cut'.


Straight input of comment_html.cut. (comment_html.cut
(C:\Users\cdhro\AppData\Local\Programs\MiKTeX\tex/latex/microtype\microtype.sty
Package: microtype 2025/07/09 v3.2b Micro-typographical refinements (RS)
\MT@toks=\toks20
\MT@tempbox=\box53
\MT@count=\count288
LaTeX Info: Redefining \noprotrusionifhmode on input line 1087.
LaTeX Info: Redefining \leftprotrusion on input line 1088.
\MT@prot@toks=\toks21
LaTeX Info: Redefining \rightprotrusion on input line 1107.
LaTeX Info: Redefining \textls on input line 1449.
\MT@outer@kern=\dimen149
LaTeX Info: Redefining \microtypecontext on input line 2053.
LaTeX Info: Redefining \textmicrotypecontext on input line 2070.
\MT@listname@count=\count289

(C:\Users\cdhro\AppData\Local\Programs\MiKTeX\tex/latex/microtype\microtype-pdf
tex.def
File: microtype-pdftex.def 2025/07/09 v3.2b Definitions specific to pdftex (RS)

LaTeX Info: Redefining \lsstyle on input line 944.
LaTeX Info: Redefining \lslig on input line 944.
\MT@outer@space=\skip54
)
Package microtype Info: Loading configuration file microtype.cfg.

(C:\Users\cdhro\AppData\Local\Programs\MiKTeX\tex/latex/microtype\microtype.cfg
File: microtype.cfg 2025/07/09 v3.2b microtype main configuration file (RS)
)
LaTeX Info: Redefining \microtypesetup on input line 3065.
)) Including 'warpHTML' comment.
\openout3 = `comment_html.cut'.

 Straight input of comment_html.cut.
(comment_html.cut
(C:\Users\cdhro\AppData\Local\Programs\MiKTeX\tex/latex/geometry\geometry.sty
Package: geometry 2020/01/02 v5.9 Page Geometry

(C:\Users\cdhro\AppData\Local\Programs\MiKTeX\tex/generic/iftex\ifvtex.sty
Package: ifvtex 2019/10/25 v1.7 ifvtex legacy package. Use iftex instead.
)
\Gm@cnth=\count290
\Gm@cntv=\count291
\c@Gm@tempcnt=\count292
\Gm@bindingoffset=\dimen150
\Gm@wd@mp=\dimen151
\Gm@odd@mp=\dimen152
\Gm@even@mp=\dimen153
\Gm@layoutwidth=\dimen154
\Gm@layoutheight=\dimen155
\Gm@layouthoffset=\dimen156
\Gm@layoutvoffset=\dimen157
\Gm@dimlist=\toks22

(C:\Users\cdhro\AppData\Local\Programs\MiKTeX\tex/latex/geometry\geometry.cfg))
) Including 'warpall' comment.
\openout3 = `comment_all.cut'.

 Straight input of comment_all.cut.
(comment_all.cut
(C:\Users\cdhro\AppData\Local\Programs\MiKTeX\tex/latex/tools\calc.sty
Package: calc 2025/03/01 v4.3b Infix arithmetic (KKT,FJ)
\calc@Acount=\count293
\calc@Bcount=\count294
\calc@Adimen=\dimen158
\calc@Bdimen=\dimen159
\calc@Askip=\skip55
\calc@Bskip=\skip56
LaTeX Info: Redefining \setlength on input line 86.
LaTeX Info: Redefining \addtolength on input line 87.
\calc@Ccount=\count295
\calc@Cskip=\skip57
))
Including 'warpHTML' comment.
\openout3 = `comment_html.cut'.

 Straight input of comment_html.cut.
(comment_html.cut
(C:\Users\cdhro\AppData\Local\Programs\MiKTeX\tex/generic/gettitlestring\gettit
lestring.sty
Package: gettitlestring 2019/12/15 v1.6 Cleanup title references (HO)
)) Including 'warpall' comment.
\openout3 = `comment_all.cut'.

 Straight input of comment_all.cut.
(comment_all.cut) Including 'warpHTML' comment.
\openout3 = `comment_html.cut'.


Straight input of comment_html.cut. (comment_html.cut
(C:\Users\cdhro\AppData\Local\Programs\MiKTeX\tex/latex/xifthen\xifthen.sty
Package: xifthen 2015/11/05 v1.4.0 Extended ifthen features

(C:\Users\cdhro\AppData\Local\Programs\MiKTeX\tex/latex/base\ifthen.sty
Package: ifthen 2024/03/16 v1.1e Standard LaTeX ifthen package (DPC)
)
(C:\Users\cdhro\AppData\Local\Programs\MiKTeX\tex/latex/ifmtarg\ifmtarg.sty
Package: ifmtarg 2018/04/16 v1.2b check for an empty argument
))
(C:\Users\cdhro\AppData\Local\Programs\MiKTeX\tex/latex/tools\verbatim.sty
Package: verbatim 2024-01-22 v1.5x LaTeX2e package for verbatim enhancements
\every@verbatim=\toks23
\verbatim@line=\toks24
\verbatim@in@stream=\read2
)
(C:\Users\cdhro\AppData\Local\Programs\MiKTeX\tex/latex/refcount\refcount.sty
Package: refcount 2019/12/15 v3.6 Data extraction from label references (HO)
)
(C:\Users\cdhro\AppData\Local\Programs\MiKTeX\tex/latex/newfloat\newfloat.sty
Package: newfloat 2023/10/01 v1.2 Defining new floating environments (AR)
Package newfloat Info: Document class `book' detected (original).
)) Including 'warpall' comment.
\openout3 = `comment_all.cut'.

 Straight input of comment_all.cut.
(comment_all.cut
(C:\Users\cdhro\AppData\Local\Programs\MiKTeX\tex/latex/xstring\xstring.sty
(C:\Users\cdhro\AppData\Local\Programs\MiKTeX\tex/generic/xstring\xstring.tex
\xs_counta=\count296
\xs_countb=\count297
)
Package: xstring 2023/08/22 v1.86 String manipulations (CT)
) (C:\Users\cdhro\AppData\Local\Programs\MiKTeX\tex/latex/environ\environ.sty
Package: environ 2014/05/04 v0.3 A new way to define environments

(C:\Users\cdhro\AppData\Local\Programs\MiKTeX\tex/latex/trimspaces\trimspaces.s
ty
Package: trimspaces 2009/09/17 v1.1 Trim spaces around a token list
)
\@envbody=\toks25
)) Including 'warpHTML' comment.
\openout3 = `comment_html.cut'.

 Straight input of comment_html.cut.
(comment_html.cut
(C:\Users\cdhro\AppData\Local\Programs\MiKTeX\tex/latex/printlen\printlen.sty
Package: printlen 2009/09/03 v1.1a print lengths with units
)) Including 'warpall' comment.
\openout3 = `comment_all.cut'.

 Straight input of comment_all.cut.
(comment_all.cut) Including 'warpHTML' comment.
\openout3 = `comment_html.cut'.


Straight input of comment_html.cut. (comment_html.cut)
Including 'warpall' comment.
\openout3 = `comment_all.cut'.

 Straight input of comment_all.cut.
(comment_all.cut
\LWR@quickfile=\write4
) Including 'warpHTML' comment.
\openout3 = `comment_html.cut'.


Straight input of comment_html.cut. (comment_html.cut
\LWR@lateximagesfile=\write5
)
Including 'warpHTML' comment.
\openout3 = `comment_html.cut'.

 Straight input of comment_html.cut.
(comment_html.cut) Including 'warpHTML' comment.
\openout3 = `comment_html.cut'.


Straight input of comment_html.cut. (comment_html.cut
\LWR@copyoutfile=\write6
\LWR@copyinfile=\read3
)
Including 'warpall' comment.
\openout3 = `comment_all.cut'.

 Straight input of comment_all.cut.
(comment_all.cut) Including 'warpall' comment.
\openout3 = `comment_all.cut'.


Straight input of comment_all.cut. (comment_all.cut)
Including 'warpHTML' comment.
\openout3 = `comment_html.cut'.

 Straight input of comment_html.cut.
(comment_html.cut) Including 'warpall' comment.
\openout3 = `comment_all.cut'.


Straight input of comment_all.cut. (comment_all.cut)
Including 'warpHTML' comment.
\openout3 = `comment_html.cut'.

 Straight input of comment_html.cut.
(comment_html.cut) Including 'warpHTML' comment.
\openout3 = `comment_html.cut'.


Straight input of comment_html.cut. (comment_html.cut)
Including 'warpHTML' comment.
\openout3 = `comment_html.cut'.

 Straight input of comment_html.cut.
(comment_html.cut) Lwarp: Excluding comment 'LWRwriteconf'
Excluding 'warpprint' comment. Excluding 'LWRwriteconf' comment.
Excluding 'LWRwriteconf' comment. Excluding 'LWRwriteconf' comment.
Excluding 'LWRwriteconf' comment. Excluding 'LWRwriteconf' comment.
Excluding 'LWRwriteconf' comment. Excluding 'LWRwriteconf' comment.
Excluding 'LWRwriteconf' comment. Excluding 'LWRwriteconf' comment.
Excluding 'LWRwriteconf' comment. Excluding 'LWRwriteconf' comment.
Excluding 'LWRwriteconf' comment. Excluding 'LWRcreatelwarpmk' comment.
Including 'warpHTML' comment.
\openout3 = `comment_html.cut'.

 Straight input of comment_html.cut.
(comment_html.cut) Including 'warpHTML' comment.
\openout3 = `comment_html.cut'.


Straight input of comment_html.cut. (comment_html.cut)
Including 'warpall' comment.
\openout3 = `comment_all.cut'.

 Straight input of comment_all.cut.
(comment_all.cut) Including 'warpHTML' comment.
\openout3 = `comment_html.cut'.


Straight input of comment_html.cut. (comment_html.cut)
Including 'warpall' comment.
\openout3 = `comment_all.cut'.

 Straight input of comment_all.cut.
(comment_all.cut) Including 'warpHTML' comment.
\openout3 = `comment_html.cut'.


Straight input of comment_html.cut. (comment_html.cut)
Including 'warpall' comment.
\openout3 = `comment_all.cut'.

 Straight input of comment_all.cut.
(comment_all.cut) Including 'warpHTML' comment.
\openout3 = `comment_html.cut'.


Straight input of comment_html.cut. (comment_html.cut
\c@LWR@HTMLpagenum=\count298
\c@LWR@htmlseqfilenumber=\count299
\c@LWR@htmlfilenumber=\count300
)
Including 'warpall' comment.
\openout3 = `comment_all.cut'.

 Straight input of comment_all.cut.
(comment_all.cut) Including 'warpHTML' comment.
\openout3 = `comment_html.cut'.


Straight input of comment_html.cut. (comment_html.cut)
Excluding 'warpprint' comment. Including 'warpHTML' comment.
\openout3 = `comment_html.cut'.


Straight input of comment_html.cut. (comment_html.cut)
Including 'warpall' comment.
\openout3 = `comment_all.cut'.

 Straight input of comment_all.cut.
(comment_all.cut) Excluding 'warpprint' comment. Including 'warpHTML' comment.
\openout3 = `comment_html.cut'.


Straight input of comment_html.cut. (comment_html.cut)
Including 'warpHTML' comment.
\openout3 = `comment_html.cut'.

 Straight input of comment_html.cut.
(comment_html.cut) Excluding 'warpprint' comment.
Including 'warpHTML' comment.
\openout3 = `comment_html.cut'.

 Straight input of comment_html.cut.
(comment_html.cut) Including 'warpHTML' comment.
\openout3 = `comment_html.cut'.


Straight input of comment_html.cut. (comment_html.cut)
Including 'warpHTML' comment.
\openout3 = `comment_html.cut'.

 Straight input of comment_html.cut.
(comment_html.cut) Including 'warpall' comment.
\openout3 = `comment_all.cut'.


Straight input of comment_all.cut. (comment_all.cut)
Including 'warpHTML' comment.
\openout3 = `comment_html.cut'.

 Straight input of comment_html.cut.
(comment_html.cut) Including 'warpall' comment.
\openout3 = `comment_all.cut'.


Straight input of comment_all.cut. (comment_all.cut)
Including 'warpHTML' comment.
\openout3 = `comment_html.cut'.

 Straight input of comment_html.cut.
(comment_html.cut) Including 'warpall' comment.
\openout3 = `comment_all.cut'.


Straight input of comment_all.cut. (comment_all.cut)
Including 'warpHTML' comment.
\openout3 = `comment_html.cut'.

 Straight input of comment_html.cut.
(comment_html.cut) Including 'warpall' comment.
\openout3 = `comment_all.cut'.


Straight input of comment_all.cut. (comment_all.cut)
Including 'warpHTML' comment.
\openout3 = `comment_html.cut'.

 Straight input of comment_html.cut.
(comment_html.cut) Including 'warpHTML' comment.
\openout3 = `comment_html.cut'.


Straight input of comment_html.cut. (comment_html.cut)
Including 'warpHTML' comment.
\openout3 = `comment_html.cut'.

 Straight input of comment_html.cut.
(comment_html.cut
\c@LWR@spandepth=\count301
\c@LWR@saved@spandepth=\count302
) Including 'warpHTML' comment.
\openout3 = `comment_html.cut'.


Straight input of comment_html.cut. (comment_html.cut)
Including 'warpHTML' comment.
\openout3 = `comment_html.cut'.

 Straight input of comment_html.cut.
(comment_html.cut) Including 'warpall' comment.
\openout3 = `comment_all.cut'.


Straight input of comment_all.cut. (comment_all.cut)
Including 'warpHTML' comment.
\openout3 = `comment_html.cut'.

 Straight input of comment_html.cut.
(comment_html.cut) Excluding 'warpprint' comment.
Including 'warpHTML' comment.
\openout3 = `comment_html.cut'.

 Straight input of comment_html.cut.
(comment_html.cut) Excluding 'warpprint' comment.
Including 'warpHTML' comment.
\openout3 = `comment_html.cut'.

 Straight input of comment_html.cut.
(comment_html.cut) Including 'warpall' comment.
\openout3 = `comment_all.cut'.


Straight input of comment_all.cut. (comment_all.cut)
Including 'warpall' comment.
\openout3 = `comment_all.cut'.

 Straight input of comment_all.cut.
(comment_all.cut
\c@FootnoteDepth=\count303
\c@footnoteReset=\count304
) Including 'warpHTML' comment.
\openout3 = `comment_html.cut'.


Straight input of comment_html.cut. (comment_html.cut
\LWR@footnotebox=\box54
\LWR@mpfootnotes=\box55
)
Including 'warpHTML' comment.
\openout3 = `comment_html.cut'.

 Straight input of comment_html.cut.
(comment_html.cut) Excluding 'warpprint' comment.
\c@LWR@currentautosecpage=\count305
\c@LWR@currentautosecfloatpage=\count306
\c@LWR@previousautopagelabel=\count307
 Including 'warpall' comment.
\openout3 = `comment_all.cut'.


Straight input of comment_all.cut. (comment_all.cut
\c@FileDepth=\count308
)
Including 'warpHTML' comment.
\openout3 = `comment_html.cut'.

 Straight input of comment_html.cut.
(comment_html.cut) Including 'warpMathJax' comment.
\openout3 = `comment_mathjax.cut'.


Straight input of comment_mathjax.cut. (comment_mathjax.cut)
Including 'warpMathJax' comment.
\openout3 = `comment_mathjax.cut'.

 Straight input of comment_mathjax.cut.
(comment_mathjax.cut) Including 'warpHTML' comment.
\openout3 = `comment_html.cut'.


Straight input of comment_html.cut. (comment_html.cut)
Excluding 'warpprint' comment. Including 'warpHTML' comment.
\openout3 = `comment_html.cut'.


Straight input of comment_html.cut. (comment_html.cut)
Including 'warpHTML' comment.
\openout3 = `comment_html.cut'.

 Straight input of comment_html.cut.
(comment_html.cut) Excluding 'warpprint' comment.
Including 'warpHTML' comment.
\openout3 = `comment_html.cut'.

 Straight input of comment_html.cut.
(comment_html.cut
\c@LWR@prevFileDepth=\count309
) Including 'warpall' comment.
\openout3 = `comment_all.cut'.


Straight input of comment_all.cut. (comment_all.cut)
Including 'warpHTML' comment.
\openout3 = `comment_html.cut'.

 Straight input of comment_html.cut.
(comment_html.cut) Including 'warpHTML' comment.
\openout3 = `comment_html.cut'.


Straight input of comment_html.cut. (comment_html.cut)
Including 'warpHTML' comment.
\openout3 = `comment_html.cut'.

 Straight input of comment_html.cut.
(comment_html.cut) Including 'warpall' comment.
\openout3 = `comment_all.cut'.


Straight input of comment_all.cut. (comment_all.cut)
Including 'warpall' comment.
\openout3 = `comment_all.cut'.

 Straight input of comment_all.cut.
(comment_all.cut) Excluding 'warpprint' comment. Including 'warpHTML' comment.
\openout3 = `comment_html.cut'.


Straight input of comment_html.cut. (comment_html.cut)
Excluding 'warpprint' comment. Including 'warpHTML' comment.
\openout3 = `comment_html.cut'.


Straight input of comment_html.cut. (comment_html.cut)
Including 'warpHTML' comment.
\openout3 = `comment_html.cut'.

 Straight input of comment_html.cut.
(comment_html.cut) Excluding 'warpprint' comment.
Including 'warpHTML' comment.
\openout3 = `comment_html.cut'.

 Straight input of comment_html.cut.
(comment_html.cut) Including 'warpall' comment.
\openout3 = `comment_all.cut'.


Straight input of comment_all.cut. (comment_all.cut)
Including 'warpHTML' comment.
\openout3 = `comment_html.cut'.

 Straight input of comment_html.cut.
(comment_html.cut) Including 'warpall' comment.
\openout3 = `comment_all.cut'.


Straight input of comment_all.cut. (comment_all.cut)
Including 'warpHTML' comment.
\openout3 = `comment_html.cut'.

 Straight input of comment_html.cut.
(comment_html.cut) Including 'warpHTML' comment.
\openout3 = `comment_html.cut'.


Straight input of comment_html.cut. (comment_html.cut)
Including 'warpHTML' comment.
\openout3 = `comment_html.cut'.

 Straight input of comment_html.cut.
(comment_html.cut) Including 'warpall' comment.
\openout3 = `comment_all.cut'.


Straight input of comment_all.cut. (comment_all.cut
\HTMLvleftskip=\skip58
\HTMLleftmargini=\skip59
)
Including 'warpall' comment.
\openout3 = `comment_all.cut'.

 Straight input of comment_all.cut.
(comment_all.cut
\VerbatimHTMLWidth=\skip60
) Including 'warpHTML' comment.
\openout3 = `comment_html.cut'.


Straight input of comment_html.cut. (comment_html.cut)
Including 'warpHTML' comment.
\openout3 = `comment_html.cut'.

 Straight input of comment_html.cut.
(comment_html.cut) Including 'warpHTML' comment.
\openout3 = `comment_html.cut'.


Straight input of comment_html.cut. (comment_html.cut)
Including 'warpHTML' comment.
\openout3 = `comment_html.cut'.

 Straight input of comment_html.cut.
(comment_html.cut
\c@LWR@hlines=\count310
\c@LWR@hdashedlines=\count311
\c@LWR@tabulardepth=\count312
\c@LWR@tabularpardepth=\count313
\c@LWR@tablecolspecwidth=\count314
\c@LWR@tablecolspecindex=\count315
\c@LWR@tableLaTeXcolindex=\count316
\c@LWR@tabletotalLaTeXcols=\count317
\c@LWR@tabletotalLaTeXcolsnext=\count318
\c@LWR@cellcolordepth=\count319
\c@LWR@tablemulticolswidth=\count320
\c@LWR@tablemulticolspos=\count321
\c@LWR@mcolvertbarsl=\count322
\c@LWR@mcolvertbarsr=\count323
\c@LWR@mcolvertbarsldash=\count324
\c@LWR@mcolvertbarsrdash=\count325
\c@LWR@midrulecounter=\count326
) Including 'warpHTML' comment.
\openout3 = `comment_html.cut'.


Straight input of comment_html.cut. (comment_html.cut)
Excluding 'warpprint' comment. Including 'warpHTML' comment.
\openout3 = `comment_html.cut'.


Straight input of comment_html.cut. (comment_html.cut
\rownum=\count327
\LWR@heavyrulewidth=\skip61
\LWR@lightrulewidth=\skip62
\LWR@cmidrulewidth=\skip63
\LWR@thiscmidrulewidth=\skip64
\c@LWR@lastmulticolumn=\count328
\c@LWR@tabhtmlcolindex=\count329
\c@LWR@tabhtmlcolend=\count330
\c@LWR@tabhtmlcoltotal=\count331
)
Including 'warpHTML' comment.
\openout3 = `comment_html.cut'.

 Straight input of comment_html.cut.
(comment_html.cut) Including 'warpall' comment.
\openout3 = `comment_all.cut'.


Straight input of comment_all.cut. (comment_all.cut)
Including 'warpHTML' comment.
\openout3 = `comment_html.cut'.

 Straight input of comment_html.cut.
(comment_html.cut) Including 'warpall' comment.
\openout3 = `comment_all.cut'.


Straight input of comment_all.cut. (comment_all.cut)
Including 'warpHTML' comment.
\openout3 = `comment_html.cut'.

 Straight input of comment_html.cut.
(comment_html.cut) Excluding 'warpprint' comment.
Including 'warpHTML' comment.
\openout3 = `comment_html.cut'.

 Straight input of comment_html.cut.
(comment_html.cut) Including 'warpall' comment.
\openout3 = `comment_all.cut'.


Straight input of comment_all.cut. (comment_all.cut)
Including 'warpall' comment.
\openout3 = `comment_all.cut'.

 Straight input of comment_all.cut.
(comment_all.cut) Including 'warpHTML' comment.
\openout3 = `comment_html.cut'.


Straight input of comment_html.cut. (comment_html.cut)
Including 'warpHTML' comment.
\openout3 = `comment_html.cut'.

 Straight input of comment_html.cut.
(comment_html.cut
\c@LWR@linkdepth=\count332
) Including 'warpHTML' comment.
\openout3 = `comment_html.cut'.


Straight input of comment_html.cut. (comment_html.cut
\c@LWR@thisautoid=\count333
\c@LWR@thisautoidWP=\count334
\c@LWR@nextautoid=\count335
\c@LWR@nextautopage=\count336

(C:\Users\cdhro\AppData\Local\Programs\MiKTeX\tex/latex/capt-of\capt-of.sty
Package: capt-of 2009/12/29 v0.2 standard captions outside of floats
))
Including 'warpHTML' comment.
\openout3 = `comment_html.cut'.

 Straight input of comment_html.cut.
(comment_html.cut) Including 'warpall' comment.
\openout3 = `comment_all.cut'.


Straight input of comment_all.cut. (comment_all.cut
\c@SideTOCDepth=\count337
)
Including 'warpHTML' comment.
\openout3 = `comment_html.cut'.

 Straight input of comment_html.cut.
(comment_html.cut
\c@lofdepth=\count338
\c@lotdepth=\count339
) Including 'warpHTML' comment.
\openout3 = `comment_html.cut'.


Straight input of comment_html.cut. (comment_html.cut
\c@LWR@autoindex=\count340
\c@LWR@autoglossary=\count341
)
Excluding 'warpprint' comment. Including 'warpall' comment.
\openout3 = `comment_all.cut'.


Straight input of comment_all.cut. (comment_all.cut)
Including 'warpHTML' comment.
\openout3 = `comment_html.cut'.

 Straight input of comment_html.cut.
(comment_html.cut) Including 'warpHTML' comment.
\openout3 = `comment_html.cut'.


Straight input of comment_html.cut. (comment_html.cut)
Including 'warpHTML' comment.
\openout3 = `comment_html.cut'.

 Straight input of comment_html.cut.
(comment_html.cut) Including 'warpall' comment.
\openout3 = `comment_all.cut'.


Straight input of comment_all.cut. (comment_all.cut)
Including 'warpHTML' comment.
\openout3 = `comment_html.cut'.

 Straight input of comment_html.cut.
(comment_html.cut
\c@LWR@externalfilecnt=\count342
\LWR@singledollarwidth=\skip65
\LWR@singledollarheight=\skip66
\LWR@singledollardepth=\skip67
\LWR@singledollarbox=\box56
\c@LWR@nextequation=\count343
) Excluding 'warpprint' comment.
Including 'warpHTML' comment.
\openout3 = `comment_html.cut'.

 Straight input of comment_html.cut.
(comment_html.cut) Including 'warpHTML' comment.
\openout3 = `comment_html.cut'.


Straight input of comment_html.cut. (comment_html.cut
\c@LWR@lateximagenumber=\count344
\c@LWR@lateximagedepth=\count345
\c@LWR@saved@lateximagedepth=\count346
\c@LWR@LIpage=\count347
)
Including 'warpall' comment.
\openout3 = `comment_all.cut'.

 Straight input of comment_all.cut.
(comment_all.cut) Including 'warpHTML' comment.
\openout3 = `comment_html.cut'.


Straight input of comment_html.cut. (comment_html.cut
\c@LWR@startingequation=\count348
)
Excluding 'warpprint' comment. Including 'warpHTML' comment.
\openout3 = `comment_html.cut'.


Straight input of comment_html.cut. (comment_html.cut)
Including 'warpHTML' comment.
\openout3 = `comment_html.cut'.

 Straight input of comment_html.cut.
(comment_html.cut) Including 'warpHTML' comment.
\openout3 = `comment_html.cut'.


Straight input of comment_html.cut. (comment_html.cut)
Excluding 'warpprint' comment. Excluding 'warpprint' comment.
Including 'warpall' comment.
\openout3 = `comment_all.cut'.

 Straight input of comment_all.cut.
(comment_all.cut) Excluding 'warpprint' comment. Including 'warpHTML' comment.
\openout3 = `comment_html.cut'.


Straight input of comment_html.cut. (comment_html.cut)
Including 'warpHTML' comment.
\openout3 = `comment_html.cut'.

 Straight input of comment_html.cut.
(comment_html.cut) Including 'warpHTML' comment.
\openout3 = `comment_html.cut'.


Straight input of comment_html.cut. (comment_html.cut)
Including 'warpHTML' comment.
\openout3 = `comment_html.cut'.

 Straight input of comment_html.cut.
(comment_html.cut
\LWR@minipagewidth=\skip68
\LWR@minipageheight=\skip69
\c@LWR@virtualpagedepth=\count349
) Excluding 'warpprint' comment.
Including 'warpHTML' comment.
\openout3 = `comment_html.cut'.

 Straight input of comment_html.cut.
(comment_html.cut
\c@LWR@minipage@depth=\count350
\c@LWR@mpfootnote@store=\count351
\LWR@atleastonept=\skip70
) Including 'warpall' comment.
\openout3 = `comment_all.cut'.


Straight input of comment_all.cut. (comment_all.cut)
Including 'warpHTML' comment.
\openout3 = `comment_html.cut'.

 Straight input of comment_html.cut.
(comment_html.cut) Including 'warpall' comment.
\openout3 = `comment_all.cut'.


Straight input of comment_all.cut. (comment_all.cut
\LWR@fminipagebox=\box57
)
Including 'warpHTML' comment.
\openout3 = `comment_html.cut'.

 Straight input of comment_html.cut.
(comment_html.cut) Including 'warpall' comment.
\openout3 = `comment_all.cut'.


Straight input of comment_all.cut. (comment_all.cut)
Including 'warpHTML' comment.
\openout3 = `comment_html.cut'.

 Straight input of comment_html.cut.
(comment_html.cut
\c@LWR@textcurrentfontdepth=\count352
) Excluding 'warpprint' comment.
Including 'warpHTML' comment.
\openout3 = `comment_html.cut'.

 Straight input of comment_html.cut.
(comment_html.cut
\LWR@tempwidth=\skip71
\LWR@tempheight=\skip72
\LWR@tempraise=\skip73
) Including 'warpHTML' comment.
\openout3 = `comment_html.cut'.


Straight input of comment_html.cut. (comment_html.cut)
Including 'warpall' comment.
\openout3 = `comment_all.cut'.

 Straight input of comment_all.cut.
(comment_all.cut) Including 'warpHTML' comment.
\openout3 = `comment_html.cut'.


Straight input of comment_html.cut. (comment_html.cut)
Including 'warpHTML' comment.
\openout3 = `comment_html.cut'.

 Straight input of comment_html.cut.
(comment_html.cut) Including 'warpHTML' comment.
\openout3 = `comment_html.cut'.


Straight input of comment_html.cut. (comment_html.cut
(C:\Users\cdhro\AppData\Local\Programs\MiKTeX\tex/latex/lwarp\lwarp-array.sty
Package lwarp Info: Using package `array',
(lwarp)             and adding lwarp modifications, including options,
(lwarp)              on input line 23.
Package: lwarp-array 2018/12/30

(C:\Users\cdhro\AppData\Local\Programs\MiKTeX\tex/latex/tools\array.sty
Package: array 2025/09/25 v2.6n Tabular extension package (FMi)
\col@sep=\dimen160
\ar@mcellbox=\box58
\extrarowheight=\dimen161
\NC@list=\toks26
\extratabsurround=\skip74
\backup@length=\skip75
\ar@cellbox=\box59
)))
Including 'warpHTML' comment.
\openout3 = `comment_html.cut'.

 Straight input of comment_html.cut.
(comment_html.cut) Including 'warpHTML' comment.
\openout3 = `comment_html.cut'.


Straight input of comment_html.cut. (comment_html.cut)
(C:\Users\cdhro\AppData\Local\Programs\MiKTeX\tex/latex/lwarp\lwarp-textcomp.st
y
Package lwarp Info: Using package `textcomp',
(lwarp)             and adding lwarp modifications, including options,
(lwarp)              on input line 21.
Package: lwarp-textcomp 2017/04/05
) Including 'warpHTML' comment.
\openout3 = `comment_html.cut'.

 Straight input of comment_html.cut.
(comment_html.cut) Including 'warpHTML' comment.
\openout3 = `comment_html.cut'.


Straight input of comment_html.cut. (comment_html.cut)
Excluding 'warpprint' comment. Including 'warpHTML' comment.
\openout3 = `comment_html.cut'.


Straight input of comment_html.cut. (comment_html.cut)
Including 'warpHTML' comment.
\openout3 = `comment_html.cut'.

 Straight input of comment_html.cut.
(comment_html.cut) Including 'warpHTML' comment.
\openout3 = `comment_html.cut'.


Straight input of comment_html.cut. (comment_html.cut)
Including 'warpHTML' comment.
\openout3 = `comment_html.cut'.

 Straight input of comment_html.cut.
(comment_html.cut) Including 'warpHTML' comment.
\openout3 = `comment_html.cut'.


Straight input of comment_html.cut. (comment_html.cut))
(C:\Users\cdhro\AppData\Local\Programs\MiKTeX\tex/latex/lwarp\lwarp-tocbibind.s
ty
Package lwarp Info: Using package `tocbibind',
(lwarp)             and adding lwarp modifications, including options,
(lwarp)              on input line 22.
Package: lwarp-tocbibind 2010/10/13

(C:\Users\cdhro\AppData\Local\Programs\MiKTeX\tex/latex/tocbibind\tocbibind.sty
Package: tocbibind 2010/10/13 v1.5k extra ToC listings
Package tocbibind Info: The document has chapter divisions on input line 50.

Package tocbibind Note: Using chapter style headings, unless overridden.

))
(C:\Users\cdhro\AppData\Local\Programs\MiKTeX\tex/latex/lwarp\lwarp-amsmath.sty
Package lwarp Info: Using package `amsmath',
(lwarp)             and adding lwarp modifications, including options,
(lwarp)              on input line 18.
Package: lwarp-amsmath 2017/09/02
(C:\Users\cdhro\AppData\Local\Programs\MiKTeX\tex/latex/amsmath\amsmath.sty
Package: amsmath 2025/07/09 v2.17z AMS math features
\@mathmargin=\skip76

For additional information on amsmath, use the `?' option.
(C:\Users\cdhro\AppData\Local\Programs\MiKTeX\tex/latex/amsmath\amstext.sty
Package: amstext 2024/11/17 v2.01 AMS text

(C:\Users\cdhro\AppData\Local\Programs\MiKTeX\tex/latex/amsmath\amsgen.sty
File: amsgen.sty 1999/11/30 v2.0 generic functions
\@emptytoks=\toks27
\ex@=\dimen162
))
(C:\Users\cdhro\AppData\Local\Programs\MiKTeX\tex/latex/amsmath\amsbsy.sty
Package: amsbsy 1999/11/29 v1.2d Bold Symbols
\pmbraise@=\dimen163
)
(C:\Users\cdhro\AppData\Local\Programs\MiKTeX\tex/latex/amsmath\amsopn.sty
Package: amsopn 2022/04/08 v2.04 operator names
)
\inf@bad=\count353
LaTeX Info: Redefining \frac on input line 233.
\uproot@=\count354
\leftroot@=\count355
LaTeX Info: Redefining \overline on input line 398.
LaTeX Info: Redefining \colon on input line 409.
\classnum@=\count356
\DOTSCASE@=\count357
LaTeX Info: Redefining \ldots on input line 495.
LaTeX Info: Redefining \dots on input line 498.
LaTeX Info: Redefining \cdots on input line 619.
\Mathstrutbox@=\box60
\strutbox@=\box61
LaTeX Info: Redefining \big on input line 721.
LaTeX Info: Redefining \Big on input line 722.
LaTeX Info: Redefining \bigg on input line 723.
LaTeX Info: Redefining \Bigg on input line 724.
\big@size=\dimen164
LaTeX Font Info:    Redeclaring font encoding OML on input line 742.
LaTeX Font Info:    Redeclaring font encoding OMS on input line 743.
\macc@depth=\count358
LaTeX Info: Redefining \bmod on input line 904.
LaTeX Info: Redefining \pmod on input line 909.
LaTeX Info: Redefining \smash on input line 939.
LaTeX Info: Redefining \relbar on input line 969.
LaTeX Info: Redefining \Relbar on input line 970.
\c@MaxMatrixCols=\count359
\dotsspace@=\muskip17
\c@parentequation=\count360
\dspbrk@lvl=\count361
\tag@help=\toks28
\row@=\count362
\column@=\count363
\maxfields@=\count364
\andhelp@=\toks29
\eqnshift@=\dimen165
\alignsep@=\dimen166
\tagshift@=\dimen167
\tagwidth@=\dimen168
\totwidth@=\dimen169
\lineht@=\dimen170
\@envbody=\toks30
\multlinegap=\skip77
\multlinetaggap=\skip78
\mathdisplay@stack=\toks31
LaTeX Info: Redefining \[ on input line 2950.
LaTeX Info: Redefining \] on input line 2951.
)
\c@LWR@amsmathdepth=\count365
\c@LWR@maxfields@=\count366

Including 'warpMathJax' comment.
\openout3 = `comment_mathjax.cut'.

 Straight input of comment_mathjax.cut.
(comment_mathjax.cut))
(C:\Users\cdhro\AppData\Local\Programs\MiKTeX\tex/latex/amsfonts\amssymb.sty
Package: amssymb 2013/01/14 v3.01 AMS font symbols

(C:\Users\cdhro\AppData\Local\Programs\MiKTeX\tex/latex/amsfonts\amsfonts.sty
Package: amsfonts 2013/01/14 v3.01 Basic AMSFonts support
\symAMSa=\mathgroup4
\symAMSb=\mathgroup5
LaTeX Font Info:    Redeclaring math symbol \hbar on input line 98.
LaTeX Font Info:    Overwriting math alphabet `\mathfrak' in version `bold'
(Font)                  U/euf/m/n --> U/euf/b/n on input line 106.
)) (calum_lecture.sty
Package: calum_lecture 

(C:\Users\cdhro\AppData\Local\Programs\MiKTeX\tex/latex/lwarp\lwarp-microtype.s
ty
Package lwarp Info: Replacing package `microtype' with the lwarp version,
(lwarp)             and discarding options, on input line 21.
Package: lwarp-microtype 2018/01/14
)
(C:\Users\cdhro\AppData\Local\Programs\MiKTeX\tex/latex/lwarp\lwarp-epigraph.st
y
Package lwarp Info: Using package `epigraph',
(lwarp)             and adding lwarp modifications, including options,
(lwarp)              on input line 21.
Package: lwarp-epigraph 2020/01/02
 (C:\Users\cdhro\AppData\Local\Programs\MiKTeX\tex/latex/epigraph\epigraph.sty
Package: epigraph 2020/01/02 v1.5e typesetting epigraphs

(C:\Users\cdhro\AppData\Local\Programs\MiKTeX\tex/latex/lwarp\lwarp-nextpage.st
y
Package lwarp Info: Replacing package `nextpage' with the lwarp version,
(lwarp)             and discarding options, on input line 20.
Package: lwarp-nextpage 2009/09/03
)
\beforeepigraphskip=\skip79
\afterepigraphskip=\skip80
\epigraphwidth=\skip81
\epigraphrule=\skip82
))
(C:\Users\cdhro\AppData\Local\Programs\MiKTeX\tex/latex/lwarp\lwarp-graphicx.st
y
Package lwarp Info: Using package `graphicx',
(lwarp)             and adding lwarp modifications, including options,
(lwarp)              on input line 20.
Package: lwarp-graphicx 2020/09/09
 (C:\Users\cdhro\AppData\Local\Programs\MiKTeX\tex/latex/graphics\graphicx.sty
Package: graphicx 2024/12/31 v1.2e Enhanced LaTeX Graphics (DPC,SPQR)

(C:\Users\cdhro\AppData\Local\Programs\MiKTeX\tex/latex/lwarp\lwarp-graphics.st
y
Package lwarp Info: Using package `graphics',
(lwarp)             and adding lwarp modifications, including options,
(lwarp)              on input line 20.
Package: lwarp-graphics 2020/08/30
 (C:\Users\cdhro\AppData\Local\Programs\MiKTeX\tex/latex/graphics\graphics.sty
Package: graphics 2024/08/06 v1.4g Standard LaTeX Graphics (DPC,SPQR)
(C:\Users\cdhro\AppData\Local\Programs\MiKTeX\tex/latex/graphics\trig.sty
Package: trig 2023/12/02 v1.11 sin cos tan (DPC)
)
(C:\Users\cdhro\AppData\Local\Programs\MiKTeX\tex/latex/graphics-cfg\graphics.c
fg
File: graphics.cfg 2016/06/04 v1.11 sample graphics configuration
)
Package graphics Info: Driver file: pdftex.def on input line 106.

(C:\Users\cdhro\AppData\Local\Programs\MiKTeX\tex/latex/graphics-def\pdftex.def
File: pdftex.def 2025/09/29 v1.2d Graphics/color driver for pdftex
))
\LWR@igwidth=\skip83
\LWR@igheight=\skip84
\LWR@imagesizebox=\box62
)
\Gin@req@height=\dimen171
\Gin@req@width=\dimen172
))
(C:\Users\cdhro\AppData\Local\Programs\MiKTeX\tex/latex/lwarp\lwarp-natbib.sty
Package lwarp Info: Using package `natbib',
(lwarp)             and adding lwarp modifications, including options,
(lwarp)              on input line 19.
Package: lwarp-natbib 2010/09/13

(C:\Users\cdhro\AppData\Local\Programs\MiKTeX\tex/latex/natbib\natbib.sty
Package: natbib 2010/09/13 8.31b (PWD, AO)
\bibhang=\skip85
\bibsep=\skip86
LaTeX Info: Redefining \cite on input line 694.
\c@NAT@ctr=\count367
))
(C:\Users\cdhro\AppData\Local\Programs\MiKTeX\tex/latex/lwarp\lwarp-upgreek.sty
Package lwarp Info: Using package `upgreek',
(lwarp)             and adding lwarp modifications, including options,
(lwarp)              on input line 19.
Package: lwarp-upgreek 2003/02/12
(C:\Users\cdhro\AppData\Local\Programs\MiKTeX\tex/latex/was\upgreek.sty
Package: upgreek 2003/02/12 v2.0 (WaS)
Package upgreek Info: Using Adobe Symbol, scaled 900, for upright Greek on inpu
t line 85.
\symugrf@m=\mathgroup6
)
Including 'warpMathJax' comment.
\openout3 = `comment_mathjax.cut'.

 Straight input of comment_mathjax.cut.
(comment_mathjax.cut))
(C:\Users\cdhro\AppData\Local\Programs\MiKTeX\tex/latex/lwarp\lwarp-glossaries.
sty
Package lwarp Info: Using package `glossaries',
(lwarp)             and adding lwarp modifications, including options,
(lwarp)              on input line 21.
Package: lwarp-glossaries 2018/07/23

(C:\Users\cdhro\AppData\Local\Programs\MiKTeX\tex/latex/glossaries/base\glossar
ies.sty
Package: glossaries 2025/11/09 v4.9 (NLCT)

(C:\Users\cdhro\AppData\Local\Programs\MiKTeX\tex/latex/xkeyval\xkeyval.sty
Package: xkeyval 2022/06/16 v2.9 package option processing (HA)

(C:\Users\cdhro\AppData\Local\Programs\MiKTeX\tex/generic/xkeyval\xkeyval.tex
(C:\Users\cdhro\AppData\Local\Programs\MiKTeX\tex/generic/xkeyval\xkvutils.tex
\XKV@toks=\toks32
\XKV@tempa@toks=\toks33
)
\XKV@depth=\count368
File: xkeyval.tex 2014/12/03 v2.7a key=value parser (HA)
))
(C:\Users\cdhro\AppData\Local\Programs\MiKTeX\tex/latex/mfirstuc\mfirstuc.sty
Package: mfirstuc 2025/04/03 v2.09 (NLCT)
\@glsmfirst=\toks34
\@glsmrest=\toks35
)
(C:\Users\cdhro\AppData\Local\Programs\MiKTeX\tex/latex/xfor\xfor.sty
Package: xfor 2009/02/05 v1.05 (NLCT)
)
(C:\Users\cdhro\AppData\Local\Programs\MiKTeX\tex/latex/datatool\datatool-base.
sty
Package: datatool-base 2025/12/04 v3.4.3 (NLCT)

(C:\Users\cdhro\AppData\Local\Programs\MiKTeX\tex/latex/tracklang\tracklang.sty
Package: tracklang 2025/03/11 v1.6.6 (NLCT) Track Languages

(C:\Users\cdhro\AppData\Local\Programs\MiKTeX\tex/generic/tracklang\tracklang.t
ex))
\l__datatool_tmpa_int=\count369
\l__datatool_tmpb_int=\count370
\l__datatool_tmpc_int=\count371
\l__datatool_tmpd_int=\count372
\l__datatool_count_int=\count373
\l__datatool_tmp_datatype_int=\count374
\l__datatool_tmpa_dim=\dimen173
\l__datatool_tmpb_dim=\dimen174

(C:\Users\cdhro\AppData\Local\Programs\MiKTeX\tex/latex/datatool\datatool-l3fp.
def
File: datatool-l3fp.def 2025/12/04 v3.4.3 (NLCT)
)
\@dtl@toks=\toks36
\@dtl@tmpcount=\count375
\dtl@tmplength=\skip87
\l__datatool_measure_box=\box63
\dtl@sortresult=\count376

(C:\Users\cdhro\AppData\Local\Programs\MiKTeX\tex/latex/datatool\datatool-utf8.
ldf
File: datatool-utf8.ldf 2025/12/04 v3.4.3 (NLCT)
)
\@dtl@datatype=\count377
\c_datatool_unknown_int=\count378
\l__datatool_year_int=\count379
\l__datatool_month_int=\count380
\l__datatool_day_int=\count381
\l__datatool_hour_int=\count382
\l__datatool_minute_int=\count383
\l__datatool_second_int=\count384
\l__datatool_tzhour_int=\count385
\l__datatool_tzminute_int=\count386
\l__datatool_julian_int=\count387
\l__datatool_local_julian_int=\count388
\l__datatool_prefix_int=\count389
\l__datatool_suffix_int=\count390
\@dtl@foreach@level=\count391
\dtl@codeA=\count392
\dtl@codeB=\count393
)
\gls@level=\count394
\@gls@tmpb=\toks37
\gls@tmplen=\skip88
\l__glossaries_tmpa_dim=\dimen175
\l__glossaries_tmpb_dim=\dimen176
\glskeylisttok=\toks38
\glslabeltok=\toks39
\glsshorttok=\toks40
\glslongtok=\toks41

(C:\Users\cdhro\AppData\Local\Programs\MiKTeX\tex/latex/glossaries/styles\gloss
ary-hypernav.sty
Package: glossary-hypernav 2025/11/09 v4.9 (NLCT)
)
(C:\Users\cdhro\AppData\Local\Programs\MiKTeX\tex/latex/glossaries/styles\gloss
ary-list.sty
Package: glossary-list 2025/11/09 v4.9 (NLCT)
\glslistdottedwidth=\skip89
)
(C:\Users\cdhro\AppData\Local\Programs\MiKTeX\tex/latex/glossaries/styles\gloss
ary-long.sty
Package: glossary-long 2025/11/09 v4.9 (NLCT)

(C:\Users\cdhro\AppData\Local\Programs\MiKTeX\tex/latex/lwarp\lwarp-longtable.s
ty
Package lwarp Info: Replacing package `longtable' with the lwarp version,
(lwarp)             and discarding options, on input line 21.
Package: lwarp-longtable 2014/10/28
\c@LTchunksize=\count395
\LTleft=\skip90
\LTright=\skip91
\LTpre=\skip92
\LTpost=\skip93
\LTcapwidth=\skip94
)
\glsdescwidth=\skip95
\glspagelistwidth=\skip96
)
(C:\Users\cdhro\AppData\Local\Programs\MiKTeX\tex/latex/glossaries/styles\gloss
ary-super.sty
Package: glossary-super 2025/11/09 v4.9 (NLCT)

(C:\Users\cdhro\AppData\Local\Programs\MiKTeX\tex/latex/lwarp\lwarp-supertabula
r.sty
Package lwarp Info: Replacing package `supertabular' with the lwarp version,
(lwarp)             and discarding options, on input line 21.
Package: lwarp-supertabular 2004/02/20
))
(C:\Users\cdhro\AppData\Local\Programs\MiKTeX\tex/latex/glossaries/styles\gloss
ary-tree.sty
Package: glossary-tree 2025/11/09 v4.9 (NLCT)
\l__glossaries_tree_max_known_level_int=\count396
\l__glossaries_tree_offset_dim=\dimen177
\l__glossaries_tree_namewidth_dim=\dimen178
\l__glossaries_tree_symbolwidth_dim=\dimen179
\l__glossaries_tree_prenamesym_width_dim=\dimen180
\l__glossaries_tree_presubnamesym_width_dim=\dimen181
\l__glossaries_tree_namewidth_padding_dim=\dimen182
\l__glossaries_tree_symbolwidth_padding_dim=\dimen183
\l__glossaries_tree_namesymbolwidth_dim=\dimen184
\l__glossaries_tree_namesymbolwidth_padding_dim=\dimen185
\l__glossaries_tree_level_int=\count397
\glstreeindent=\skip97
)))
(C:\Users\cdhro\AppData\Local\Programs\MiKTeX\tex/latex/lwarp\lwarp-appendix.st
y
Package lwarp Info: Using package `appendix',
(lwarp)             and adding lwarp modifications, including options,
(lwarp)              on input line 18.
Package: lwarp-appendix 2009/09/02
 (C:\Users\cdhro\AppData\Local\Programs\MiKTeX\tex/latex/appendix\appendix.sty
Package: appendix 2020/02/08 v1.2c extra appendix facilities
\c@@pps=\count398
\c@@ppsavesec=\count399
\c@@ppsaveapp=\count400
)) (C:\Users\cdhro\AppData\Local\Programs\MiKTeX\tex/latex/lwarp\lwarp-ulem.sty
Package lwarp Info: Using package `ulem',
(lwarp)             and adding lwarp modifications, including options,
(lwarp)              on input line 19.
Package: lwarp-ulem 2012/05/18
(C:\Users\cdhro\AppData\Local\Programs\MiKTeX\tex/latex/ulem\ulem.sty
\UL@box=\box64
\UL@hyphenbox=\box65
\UL@skip=\skip98
\UL@hook=\toks42
\UL@height=\dimen186
\UL@pe=\count401
\UL@pixel=\dimen187
\ULC@box=\box66
Package: ulem 2019/11/18
\ULdepth=\dimen188
))
(C:\Users\cdhro\AppData\Local\Programs\MiKTeX\tex/latex/lwarp\lwarp-cancel.sty
(C:\Users\cdhro\AppData\Local\Programs\MiKTeX\tex/latex/lwarp\lwarp-xcolor.sty
Package lwarp Info: Using package `xcolor',
(lwarp)             and adding lwarp modifications, including options,
(lwarp)              on input line 21.
Package: lwarp-xcolor 2023-11-15

(C:\Users\cdhro\AppData\Local\Programs\MiKTeX\tex/latex/xcolor\xcolor.sty
Package: xcolor 2024/09/29 v3.02 LaTeX color extensions (UK)

(C:\Users\cdhro\AppData\Local\Programs\MiKTeX\tex/latex/graphics-cfg\color.cfg
File: color.cfg 2016/01/02 v1.6 sample color configuration
)
Package xcolor Info: Driver file: pdftex.def on input line 274.
(C:\Users\cdhro\AppData\Local\Programs\MiKTeX\tex/latex/graphics\mathcolor.ltx)
Package xcolor Info: Model `cmy' substituted by `cmy0' on input line 1349.
Package xcolor Info: Model `hsb' substituted by `rgb' on input line 1353.
Package xcolor Info: Model `RGB' extended on input line 1365.
Package xcolor Info: Model `HTML' substituted by `rgb' on input line 1367.
Package xcolor Info: Model `Hsb' substituted by `hsb' on input line 1368.
Package xcolor Info: Model `tHsb' substituted by `hsb' on input line 1369.
Package xcolor Info: Model `HSB' substituted by `hsb' on input line 1370.
Package xcolor Info: Model `Gray' substituted by `gray' on input line 1371.
Package xcolor Info: Model `wave' substituted by `hsb' on input line 1372.
))
Package lwarp Info: Using package `cancel',
(lwarp)             and adding lwarp modifications, including options,
(lwarp)              on input line 19.
Package: lwarp-cancel 2013/04/12
 (C:\Users\cdhro\AppData\Local\Programs\MiKTeX\tex/latex/cancel\cancel.sty
Package: cancel 2013/04/12 v2.2 Cancel math terms
)
Including 'warpMathJax' comment.
\openout3 = `comment_mathjax.cut'.

 Straight input of comment_mathjax.cut.
(comment_mathjax.cut

Package lwarp, cancel Info: The MathJax v3 extension will be used.

)) (C:\Users\cdhro\AppData\Local\Programs\MiKTeX\tex/latex/amsmath\amscd.sty
Package: amscd 2017/04/14 v2.1 AMS Commutative Diagrams
\athelp@=\toks43
\minaw@=\dimen189
\bigaw@=\dimen190
\minCDarrowwidth=\dimen191
)
(C:\Users\cdhro\AppData\Local\Programs\MiKTeX\tex/latex/lwarp\lwarp-amsthm.sty
Package lwarp Info: Using package `amsthm',
(lwarp)             and adding lwarp modifications, including options,
(lwarp)              on input line 35.
Package: lwarp-amsthm 2017/10/31

(C:\Users\cdhro\AppData\Local\Programs\MiKTeX\tex/latex/amscls\amsthm.sty
Package: amsthm 2020/05/29 v2.20.6
\thm@style=\toks44
\thm@bodyfont=\toks45
\thm@headfont=\toks46
\thm@notefont=\toks47
\thm@headpunct=\toks48
\thm@preskip=\skip99
\thm@postskip=\skip100
\thm@headsep=\skip101
\dth@everypar=\toks49
)
LaTeX Info: Redefining \qed on input line 195.
)
(C:\Users\cdhro\AppData\Local\Programs\MiKTeX\tex/latex/lwarp\lwarp-caption.sty
---
Packages lwarp and caption:
If a ``Missing \begin{document}'' error occurs here,
try using:  \usepackage{caption} \captionsetup{options}
instead of: \usepackage[options]{caption}.
---
Package lwarp Info: Using package `caption',
(lwarp)             and adding lwarp modifications, including options,
(lwarp)              on input line 27.
Package: lwarp-caption 2023/08/05
(C:\Users\cdhro\AppData\Local\Programs\MiKTeX\tex/latex/caption\caption.sty
Package: caption 2023/08/05 v3.6o Customizing captions (AR)

(C:\Users\cdhro\AppData\Local\Programs\MiKTeX\tex/latex/lwarp\lwarp-caption3.st
y
Package lwarp Info: Using package `caption3',
(lwarp)             and adding lwarp modifications, including options,
(lwarp)              on input line 19.
Package: lwarp-caption3 2023/07/31
 (C:\Users\cdhro\AppData\Local\Programs\MiKTeX\tex/latex/caption\caption3.sty
Package: caption3 2023/07/31 v2.4d caption3 kernel (AR)
\caption@tempdima=\dimen192
\captionmargin=\dimen193
\caption@leftmargin=\dimen194
\caption@rightmargin=\dimen195
\caption@width=\dimen196
\caption@indent=\dimen197
\caption@parindent=\dimen198
\caption@hangindent=\dimen199
Package caption Info: Standard document class detected.
))
\c@caption@flags=\count402
\c@continuedfloat=\count403
))
(C:\Users\cdhro\AppData\Local\Programs\MiKTeX\tex/latex/lwarp\lwarp-tikz.sty
Package lwarp Info: Using package `tikz',
(lwarp)             and adding lwarp modifications, including options,
(lwarp)              on input line 20.
Package: lwarp-tikz 2015/08/07

(C:\Users\cdhro\AppData\Local\Programs\MiKTeX\tex/latex/pgf/frontendlayer\tikz.
sty
(C:\Users\cdhro\AppData\Local\Programs\MiKTeX\tex/latex/pgf/basiclayer\pgf.sty
(C:\Users\cdhro\AppData\Local\Programs\MiKTeX\tex/latex/pgf/utilities\pgfrcs.st
y
(C:\Users\cdhro\AppData\Local\Programs\MiKTeX\tex/generic/pgf/utilities\pgfutil
-common.tex
\pgfutil@everybye=\toks50
\pgfutil@tempdima=\dimen256
\pgfutil@tempdimb=\dimen257
)
(C:\Users\cdhro\AppData\Local\Programs\MiKTeX\tex/generic/pgf/utilities\pgfutil
-latex.def
\pgfutil@abb=\box67
)
(C:\Users\cdhro\AppData\Local\Programs\MiKTeX\tex/generic/pgf/utilities\pgfrcs.
code.tex
(C:\Users\cdhro\AppData\Local\Programs\MiKTeX\tex/generic/pgf\pgf.revision.tex)
Package: pgfrcs 2025-08-29 v3.1.11a (3.1.11a)
))
Package: pgf 2025-08-29 v3.1.11a (3.1.11a)

(C:\Users\cdhro\AppData\Local\Programs\MiKTeX\tex/latex/pgf/basiclayer\pgfcore.
sty
(C:\Users\cdhro\AppData\Local\Programs\MiKTeX\tex/latex/pgf/systemlayer\pgfsys.
sty
(C:\Users\cdhro\AppData\Local\Programs\MiKTeX\tex/generic/pgf/systemlayer\pgfsy
s.code.tex
Package: pgfsys 2025-08-29 v3.1.11a (3.1.11a)

(C:\Users\cdhro\AppData\Local\Programs\MiKTeX\tex/generic/pgf/utilities\pgfkeys
.code.tex
\pgfkeys@pathtoks=\toks51
\pgfkeys@temptoks=\toks52

(C:\Users\cdhro\AppData\Local\Programs\MiKTeX\tex/generic/pgf/utilities\pgfkeys
libraryfiltered.code.tex
\pgfkeys@tmptoks=\toks53
))
\pgf@x=\dimen258
\pgf@y=\dimen259
\pgf@xa=\dimen260
\pgf@ya=\dimen261
\pgf@xb=\dimen262
\pgf@yb=\dimen263
\pgf@xc=\dimen264
\pgf@yc=\dimen265
\pgf@xd=\dimen266
\pgf@yd=\dimen267
\w@pgf@writea=\write7
\r@pgf@reada=\read4
\c@pgf@counta=\count404
\c@pgf@countb=\count405
\c@pgf@countc=\count406
\c@pgf@countd=\count407
\t@pgf@toka=\toks54
\t@pgf@tokb=\toks55
\t@pgf@tokc=\toks56
\pgf@sys@id@count=\count408

(C:\Users\cdhro\AppData\Local\Programs\MiKTeX\tex/generic/pgf/systemlayer\pgf.c
fg
File: pgf.cfg 2025-08-29 v3.1.11a (3.1.11a)
)
Driver file for pgf: pgfsys-pdftex.def

(C:\Users\cdhro\AppData\Local\Programs\MiKTeX\tex/generic/pgf/systemlayer\pgfsy
s-pdftex.def
File: pgfsys-pdftex.def 2025-08-29 v3.1.11a (3.1.11a)

(C:\Users\cdhro\AppData\Local\Programs\MiKTeX\tex/generic/pgf/systemlayer\pgfsy
s-common-pdf.def
File: pgfsys-common-pdf.def 2025-08-29 v3.1.11a (3.1.11a)
)))
(C:\Users\cdhro\AppData\Local\Programs\MiKTeX\tex/generic/pgf/systemlayer\pgfsy
ssoftpath.code.tex
File: pgfsyssoftpath.code.tex 2025-08-29 v3.1.11a (3.1.11a)
\pgfsyssoftpath@smallbuffer@items=\count409
\pgfsyssoftpath@bigbuffer@items=\count410
)
(C:\Users\cdhro\AppData\Local\Programs\MiKTeX\tex/generic/pgf/systemlayer\pgfsy
sprotocol.code.tex
File: pgfsysprotocol.code.tex 2025-08-29 v3.1.11a (3.1.11a)
))
(C:\Users\cdhro\AppData\Local\Programs\MiKTeX\tex/generic/pgf/basiclayer\pgfcor
e.code.tex
Package: pgfcore 2025-08-29 v3.1.11a (3.1.11a)

(C:\Users\cdhro\AppData\Local\Programs\MiKTeX\tex/generic/pgf/math\pgfmath.code
.tex
(C:\Users\cdhro\AppData\Local\Programs\MiKTeX\tex/generic/pgf/math\pgfmathutil.
code.tex)
(C:\Users\cdhro\AppData\Local\Programs\MiKTeX\tex/generic/pgf/math\pgfmathparse
r.code.tex
\pgfmath@dimen=\dimen268
\pgfmath@count=\count411
\pgfmath@box=\box68
\pgfmath@toks=\toks57
\pgfmath@stack@operand=\toks58
\pgfmath@stack@operation=\toks59
)
(C:\Users\cdhro\AppData\Local\Programs\MiKTeX\tex/generic/pgf/math\pgfmathfunct
ions.code.tex)
(C:\Users\cdhro\AppData\Local\Programs\MiKTeX\tex/generic/pgf/math\pgfmathfunct
ions.basic.code.tex)
(C:\Users\cdhro\AppData\Local\Programs\MiKTeX\tex/generic/pgf/math\pgfmathfunct
ions.trigonometric.code.tex)
(C:\Users\cdhro\AppData\Local\Programs\MiKTeX\tex/generic/pgf/math\pgfmathfunct
ions.random.code.tex)
(C:\Users\cdhro\AppData\Local\Programs\MiKTeX\tex/generic/pgf/math\pgfmathfunct
ions.comparison.code.tex)
(C:\Users\cdhro\AppData\Local\Programs\MiKTeX\tex/generic/pgf/math\pgfmathfunct
ions.base.code.tex)
(C:\Users\cdhro\AppData\Local\Programs\MiKTeX\tex/generic/pgf/math\pgfmathfunct
ions.round.code.tex)
(C:\Users\cdhro\AppData\Local\Programs\MiKTeX\tex/generic/pgf/math\pgfmathfunct
ions.misc.code.tex)
(C:\Users\cdhro\AppData\Local\Programs\MiKTeX\tex/generic/pgf/math\pgfmathfunct
ions.integerarithmetics.code.tex)
(C:\Users\cdhro\AppData\Local\Programs\MiKTeX\tex/generic/pgf/math\pgfmathcalc.
code.tex)
(C:\Users\cdhro\AppData\Local\Programs\MiKTeX\tex/generic/pgf/math\pgfmathfloat
.code.tex
\c@pgfmathroundto@lastzeros=\count412
))
(C:\Users\cdhro\AppData\Local\Programs\MiKTeX\tex/generic/pgf/math\pgfint.code.
tex)
(C:\Users\cdhro\AppData\Local\Programs\MiKTeX\tex/generic/pgf/basiclayer\pgfcor
epoints.code.tex
File: pgfcorepoints.code.tex 2025-08-29 v3.1.11a (3.1.11a)
\pgf@picminx=\dimen269
\pgf@picmaxx=\dimen270
\pgf@picminy=\dimen271
\pgf@picmaxy=\dimen272
\pgf@pathminx=\dimen273
\pgf@pathmaxx=\dimen274
\pgf@pathminy=\dimen275
\pgf@pathmaxy=\dimen276
\pgf@xx=\dimen277
\pgf@xy=\dimen278
\pgf@yx=\dimen279
\pgf@yy=\dimen280
\pgf@zx=\dimen281
\pgf@zy=\dimen282
)
(C:\Users\cdhro\AppData\Local\Programs\MiKTeX\tex/generic/pgf/basiclayer\pgfcor
epathconstruct.code.tex
File: pgfcorepathconstruct.code.tex 2025-08-29 v3.1.11a (3.1.11a)
\pgf@path@lastx=\dimen283
\pgf@path@lasty=\dimen284
)
(C:\Users\cdhro\AppData\Local\Programs\MiKTeX\tex/generic/pgf/basiclayer\pgfcor
epathusage.code.tex
File: pgfcorepathusage.code.tex 2025-08-29 v3.1.11a (3.1.11a)
\pgf@shorten@end@additional=\dimen285
\pgf@shorten@start@additional=\dimen286
)
(C:\Users\cdhro\AppData\Local\Programs\MiKTeX\tex/generic/pgf/basiclayer\pgfcor
escopes.code.tex
File: pgfcorescopes.code.tex 2025-08-29 v3.1.11a (3.1.11a)
\pgfpic=\box69
\pgf@hbox=\box70
\pgf@layerbox@main=\box71
\pgf@picture@serial@count=\count413
)
(C:\Users\cdhro\AppData\Local\Programs\MiKTeX\tex/generic/pgf/basiclayer\pgfcor
egraphicstate.code.tex
File: pgfcoregraphicstate.code.tex 2025-08-29 v3.1.11a (3.1.11a)
\pgflinewidth=\dimen287
)
(C:\Users\cdhro\AppData\Local\Programs\MiKTeX\tex/generic/pgf/basiclayer\pgfcor
etransformations.code.tex
File: pgfcoretransformations.code.tex 2025-08-29 v3.1.11a (3.1.11a)
\pgf@pt@x=\dimen288
\pgf@pt@y=\dimen289
\pgf@pt@temp=\dimen290
)
(C:\Users\cdhro\AppData\Local\Programs\MiKTeX\tex/generic/pgf/basiclayer\pgfcor
equick.code.tex
File: pgfcorequick.code.tex 2025-08-29 v3.1.11a (3.1.11a)
)
(C:\Users\cdhro\AppData\Local\Programs\MiKTeX\tex/generic/pgf/basiclayer\pgfcor
eobjects.code.tex
File: pgfcoreobjects.code.tex 2025-08-29 v3.1.11a (3.1.11a)
)
(C:\Users\cdhro\AppData\Local\Programs\MiKTeX\tex/generic/pgf/basiclayer\pgfcor
epathprocessing.code.tex
File: pgfcorepathprocessing.code.tex 2025-08-29 v3.1.11a (3.1.11a)
)
(C:\Users\cdhro\AppData\Local\Programs\MiKTeX\tex/generic/pgf/basiclayer\pgfcor
earrows.code.tex
File: pgfcorearrows.code.tex 2025-08-29 v3.1.11a (3.1.11a)
\pgfarrowsep=\dimen291
)
(C:\Users\cdhro\AppData\Local\Programs\MiKTeX\tex/generic/pgf/basiclayer\pgfcor
eshade.code.tex
File: pgfcoreshade.code.tex 2025-08-29 v3.1.11a (3.1.11a)
\pgf@max=\dimen292
\pgf@sys@shading@range@num=\count414
\pgf@shadingcount=\count415
)
(C:\Users\cdhro\AppData\Local\Programs\MiKTeX\tex/generic/pgf/basiclayer\pgfcor
eimage.code.tex
File: pgfcoreimage.code.tex 2025-08-29 v3.1.11a (3.1.11a)
)
(C:\Users\cdhro\AppData\Local\Programs\MiKTeX\tex/generic/pgf/basiclayer\pgfcor
eexternal.code.tex
File: pgfcoreexternal.code.tex 2025-08-29 v3.1.11a (3.1.11a)
\pgfexternal@startupbox=\box72
)
(C:\Users\cdhro\AppData\Local\Programs\MiKTeX\tex/generic/pgf/basiclayer\pgfcor
elayers.code.tex
File: pgfcorelayers.code.tex 2025-08-29 v3.1.11a (3.1.11a)
)
(C:\Users\cdhro\AppData\Local\Programs\MiKTeX\tex/generic/pgf/basiclayer\pgfcor
etransparency.code.tex
File: pgfcoretransparency.code.tex 2025-08-29 v3.1.11a (3.1.11a)
)
(C:\Users\cdhro\AppData\Local\Programs\MiKTeX\tex/generic/pgf/basiclayer\pgfcor
epatterns.code.tex
File: pgfcorepatterns.code.tex 2025-08-29 v3.1.11a (3.1.11a)
)
(C:\Users\cdhro\AppData\Local\Programs\MiKTeX\tex/generic/pgf/basiclayer\pgfcor
erdf.code.tex
File: pgfcorerdf.code.tex 2025-08-29 v3.1.11a (3.1.11a)
)))
(C:\Users\cdhro\AppData\Local\Programs\MiKTeX\tex/generic/pgf/modules\pgfmodule
shapes.code.tex
File: pgfmoduleshapes.code.tex 2025-08-29 v3.1.11a (3.1.11a)
\pgfnodeparttextbox=\box73
)
(C:\Users\cdhro\AppData\Local\Programs\MiKTeX\tex/generic/pgf/modules\pgfmodule
plot.code.tex
File: pgfmoduleplot.code.tex 2025-08-29 v3.1.11a (3.1.11a)
)
(C:\Users\cdhro\AppData\Local\Programs\MiKTeX\tex/latex/pgf/compatibility\pgfco
mp-version-0-65.sty
Package: pgfcomp-version-0-65 2025-08-29 v3.1.11a (3.1.11a)
\pgf@nodesepstart=\dimen293
\pgf@nodesepend=\dimen294
)
(C:\Users\cdhro\AppData\Local\Programs\MiKTeX\tex/latex/pgf/compatibility\pgfco
mp-version-1-18.sty
Package: pgfcomp-version-1-18 2025-08-29 v3.1.11a (3.1.11a)
))
(C:\Users\cdhro\AppData\Local\Programs\MiKTeX\tex/latex/pgf/utilities\pgffor.st
y
(C:\Users\cdhro\AppData\Local\Programs\MiKTeX\tex/latex/pgf/utilities\pgfkeys.s
ty
(C:\Users\cdhro\AppData\Local\Programs\MiKTeX\tex/generic/pgf/utilities\pgfkeys
.code.tex))
(C:\Users\cdhro\AppData\Local\Programs\MiKTeX\tex/latex/pgf/math\pgfmath.sty
(C:\Users\cdhro\AppData\Local\Programs\MiKTeX\tex/generic/pgf/math\pgfmath.code
.tex))
(C:\Users\cdhro\AppData\Local\Programs\MiKTeX\tex/generic/pgf/utilities\pgffor.
code.tex
Package: pgffor 2025-08-29 v3.1.11a (3.1.11a)
\pgffor@iter=\dimen295
\pgffor@skip=\dimen296
\pgffor@stack=\toks60
\pgffor@toks=\toks61
))
(C:\Users\cdhro\AppData\Local\Programs\MiKTeX\tex/generic/pgf/frontendlayer/tik
z\tikz.code.tex
Package: tikz 2025-08-29 v3.1.11a (3.1.11a)

(C:\Users\cdhro\AppData\Local\Programs\MiKTeX\tex/generic/pgf/libraries\pgflibr
aryplothandlers.code.tex
File: pgflibraryplothandlers.code.tex 2025-08-29 v3.1.11a (3.1.11a)
\pgf@plot@mark@count=\count416
\pgfplotmarksize=\dimen297
)
\tikz@lastx=\dimen298
\tikz@lasty=\dimen299
\tikz@lastxsaved=\dimen300
\tikz@lastysaved=\dimen301
\tikz@lastmovetox=\dimen302
\tikz@lastmovetoy=\dimen303
\tikzleveldistance=\dimen304
\tikzsiblingdistance=\dimen305
\tikz@figbox=\box74
\tikz@figbox@bg=\box75
\tikz@tempbox=\box76
\tikz@tempbox@bg=\box77
\tikztreelevel=\count417
\tikznumberofchildren=\count418
\tikznumberofcurrentchild=\count419
\tikz@fig@count=\count420

(C:\Users\cdhro\AppData\Local\Programs\MiKTeX\tex/generic/pgf/modules\pgfmodule
matrix.code.tex
File: pgfmodulematrix.code.tex 2025-08-29 v3.1.11a (3.1.11a)
\pgfmatrixcurrentrow=\count421
\pgfmatrixcurrentcolumn=\count422
\pgf@matrix@numberofcolumns=\count423
)
\tikz@expandcount=\count424

(C:\Users\cdhro\AppData\Local\Programs\MiKTeX\tex/generic/pgf/frontendlayer/tik
z/libraries\tikzlibrarytopaths.code.tex
File: tikzlibrarytopaths.code.tex 2025-08-29 v3.1.11a (3.1.11a)
)))
(C:\Users\cdhro\AppData\Local\Programs\MiKTeX\tex/generic/pgf/frontendlayer/tik
z/libraries\tikzlibrarybabel.code.tex
File: tikzlibrarybabel.code.tex 2025-08-29 v3.1.11a (3.1.11a)
))
(C:\Users\cdhro\AppData\Local\Programs\MiKTeX\tex/latex/pgfplots\pgfplots.sty
(C:\Users\cdhro\AppData\Local\Programs\MiKTeX\tex/generic/pgfplots\pgfplots.rev
ision.tex)
Package: pgfplots 2021/05/15 v1.18.1 Data Visualization (1.18.1)

(C:\Users\cdhro\AppData\Local\Programs\MiKTeX\tex/generic/pgfplots\pgfplots.cod
e.tex
(C:\Users\cdhro\AppData\Local\Programs\MiKTeX\tex/generic/pgfplots\pgfplotscore
.code.tex
\t@pgfplots@toka=\toks62
\t@pgfplots@tokb=\toks63
\t@pgfplots@tokc=\toks64
\pgfplots@tmpa=\dimen306
\c@pgfplots@coordindex=\count425
\c@pgfplots@scanlineindex=\count426

(C:\Users\cdhro\AppData\Local\Programs\MiKTeX\tex/generic/pgfplots/sys\pgfplots
sysgeneric.code.tex))
(C:\Users\cdhro\AppData\Local\Programs\MiKTeX\tex/generic/pgfplots/libs\pgfplot
slibrary.code.tex)
(C:\Users\cdhro\AppData\Local\Programs\MiKTeX\tex/generic/pgfplots/oldpgfcompat
ib\pgfplotsoldpgfsupp_loader.code.tex
(C:\Users\cdhro\AppData\Local\Programs\MiKTeX\tex/generic/pgf/libraries\pgflibr
aryfpu.code.tex)
Package pgfplots: loading complementary utilities for your pgf version...
\t@pgf@toka=\toks65
\t@pgf@tokb=\toks66
\t@pgf@tokc=\toks67

(C:\Users\cdhro\AppData\Local\Programs\MiKTeX\tex/generic/pgfplots/oldpgfcompat
ib\pgfplotsoldpgfsupp_pgfutil-common-lists.tex))
(C:\Users\cdhro\AppData\Local\Programs\MiKTeX\tex/generic/pgfplots/util\pgfplot
sutil.code.tex
(C:\Users\cdhro\AppData\Local\Programs\MiKTeX\tex/generic/pgfplots/liststructur
e\pgfplotsliststructure.code.tex)
(C:\Users\cdhro\AppData\Local\Programs\MiKTeX\tex/generic/pgfplots/liststructur
e\pgfplotsliststructureext.code.tex)
(C:\Users\cdhro\AppData\Local\Programs\MiKTeX\tex/generic/pgfplots/liststructur
e\pgfplotsarray.code.tex
\c@pgfplotsarray@tmp=\count427
)
(C:\Users\cdhro\AppData\Local\Programs\MiKTeX\tex/generic/pgfplots/liststructur
e\pgfplotsmatrix.code.tex)
(C:\Users\cdhro\AppData\Local\Programs\MiKTeX\tex/generic/pgfplots/numtable\pgf
plotstableshared.code.tex
\c@pgfplotstable@counta=\count428
\t@pgfplotstable@a=\toks68
)
(C:\Users\cdhro\AppData\Local\Programs\MiKTeX\tex/generic/pgfplots/liststructur
e\pgfplotsdeque.code.tex)
(C:\Users\cdhro\AppData\Local\Programs\MiKTeX\tex/generic/pgfplots/util\pgfplot
sbinary.code.tex
(C:\Users\cdhro\AppData\Local\Programs\MiKTeX\tex/generic/pgfplots/util\pgfplot
sbinary.data.code.tex))
(C:\Users\cdhro\AppData\Local\Programs\MiKTeX\tex/generic/pgfplots/util\pgfplot
sutil.verb.code.tex)
(C:\Users\cdhro\AppData\Local\Programs\MiKTeX\tex/generic/pgfplots/libs\pgflibr
arypgfplots.surfshading.code.tex
\c@pgfplotslibrarysurf@no=\count429

(C:\Users\cdhro\AppData\Local\Programs\MiKTeX\tex/generic/pgfplots/sys\pgflibra
rypgfplots.surfshading.pgfsys-pdftex.def)))
(C:\Users\cdhro\AppData\Local\Programs\MiKTeX\tex/generic/pgfplots/util\pgfplot
scolormap.code.tex
(C:\Users\cdhro\AppData\Local\Programs\MiKTeX\tex/generic/pgfplots/util\pgfplot
scolor.code.tex))
(C:\Users\cdhro\AppData\Local\Programs\MiKTeX\tex/generic/pgfplots\pgfplotsstac
kedplots.code.tex)
(C:\Users\cdhro\AppData\Local\Programs\MiKTeX\tex/generic/pgfplots\pgfplotsplot
handlers.code.tex
(C:\Users\cdhro\AppData\Local\Programs\MiKTeX\tex/generic/pgfplots\pgfplotsmesh
plothandler.code.tex
(C:\Users\cdhro\AppData\Local\Programs\MiKTeX\tex/generic/pgfplots\pgfplotsmesh
plotimage.code.tex)))
(C:\Users\cdhro\AppData\Local\Programs\MiKTeX\tex/generic/pgfplots\pgfplots.sca
ling.code.tex)
(C:\Users\cdhro\AppData\Local\Programs\MiKTeX\tex/generic/pgfplots\pgfplotscoor
dprocessing.code.tex)
(C:\Users\cdhro\AppData\Local\Programs\MiKTeX\tex/generic/pgfplots\pgfplots.err
orbars.code.tex)
(C:\Users\cdhro\AppData\Local\Programs\MiKTeX\tex/generic/pgfplots\pgfplots.mar
kers.code.tex)
(C:\Users\cdhro\AppData\Local\Programs\MiKTeX\tex/generic/pgfplots\pgfplotstick
s.code.tex)
(C:\Users\cdhro\AppData\Local\Programs\MiKTeX\tex/generic/pgfplots\pgfplots.pat
hs.code.tex)
(C:\Users\cdhro\AppData\Local\Programs\MiKTeX\tex/generic/pgf/frontendlayer/tik
z/libraries\tikzlibrarydecorations.code.tex
(C:\Users\cdhro\AppData\Local\Programs\MiKTeX\tex/generic/pgf/modules\pgfmodule
decorations.code.tex
\pgfdecoratedcompleteddistance=\dimen307
\pgfdecoratedremainingdistance=\dimen308
\pgfdecoratedinputsegmentcompleteddistance=\dimen309
\pgfdecoratedinputsegmentremainingdistance=\dimen310
\pgf@decorate@distancetomove=\dimen311
\pgf@decorate@repeatstate=\count430
\pgfdecorationsegmentamplitude=\dimen312
\pgfdecorationsegmentlength=\dimen313
)
\tikz@lib@dec@box=\box78
)
(C:\Users\cdhro\AppData\Local\Programs\MiKTeX\tex/generic/pgf/frontendlayer/tik
z/libraries\tikzlibrarydecorations.pathmorphing.code.tex
(C:\Users\cdhro\AppData\Local\Programs\MiKTeX\tex/generic/pgf/libraries/decorat
ions\pgflibrarydecorations.pathmorphing.code.tex))
(C:\Users\cdhro\AppData\Local\Programs\MiKTeX\tex/generic/pgf/frontendlayer/tik
z/libraries\tikzlibrarydecorations.pathreplacing.code.tex
(C:\Users\cdhro\AppData\Local\Programs\MiKTeX\tex/generic/pgf/libraries/decorat
ions\pgflibrarydecorations.pathreplacing.code.tex))
(C:\Users\cdhro\AppData\Local\Programs\MiKTeX\tex/generic/pgfplots/libs\tikzlib
rarypgfplots.contourlua.code.tex)
\pgfplots@numplots=\count431
\pgfplots@xmin@reg=\dimen314
\pgfplots@xmax@reg=\dimen315
\pgfplots@ymin@reg=\dimen316
\pgfplots@ymax@reg=\dimen317
\pgfplots@zmin@reg=\dimen318
\pgfplots@zmax@reg=\dimen319
)
(C:\Users\cdhro\AppData\Local\Programs\MiKTeX\tex/generic/pgf/frontendlayer/tik
z/libraries\tikzlibraryplotmarks.code.tex
File: tikzlibraryplotmarks.code.tex 2025-08-29 v3.1.11a (3.1.11a)

(C:\Users\cdhro\AppData\Local\Programs\MiKTeX\tex/generic/pgf/libraries\pgflibr
aryplotmarks.code.tex
File: pgflibraryplotmarks.code.tex 2025-08-29 v3.1.11a (3.1.11a)
)))
(C:\Users\cdhro\AppData\Local\Programs\MiKTeX\tex/generic/pgf/frontendlayer/tik
z/libraries\tikzlibrarycalc.code.tex
File: tikzlibrarycalc.code.tex 2025-08-29 v3.1.11a (3.1.11a)
)
(C:\Users\cdhro\AppData\Local\Programs\MiKTeX\tex/generic/pgf/frontendlayer/tik
z/libraries\tikzlibraryscopes.code.tex
File: tikzlibraryscopes.code.tex 2025-08-29 v3.1.11a (3.1.11a)
)
(C:\Users\cdhro\AppData\Local\Programs\MiKTeX\tex/generic/pgf/frontendlayer/tik
z/libraries/circuits\tikzlibrarycircuits.ee.IEC.code.tex
(C:\Users\cdhro\AppData\Local\Programs\MiKTeX\tex/generic/pgf/frontendlayer/tik
z/libraries\tikzlibraryarrows.code.tex
File: tikzlibraryarrows.code.tex 2025-08-29 v3.1.11a (3.1.11a)

(C:\Users\cdhro\AppData\Local\Programs\MiKTeX\tex/generic/pgf/libraries\pgflibr
aryarrows.code.tex
File: pgflibraryarrows.code.tex 2025-08-29 v3.1.11a (3.1.11a)
\arrowsize=\dimen320
))
(C:\Users\cdhro\AppData\Local\Programs\MiKTeX\tex/generic/pgf/frontendlayer/tik
z/libraries/circuits\tikzlibrarycircuits.ee.code.tex
(C:\Users\cdhro\AppData\Local\Programs\MiKTeX\tex/generic/pgf/frontendlayer/tik
z/libraries/circuits\tikzlibrarycircuits.code.tex
(C:\Users\cdhro\AppData\Local\Programs\MiKTeX\tex/generic/pgf/frontendlayer/tik
z/libraries\tikzlibrarydecorations.markings.code.tex
(C:\Users\cdhro\AppData\Local\Programs\MiKTeX\tex/generic/pgf/libraries/decorat
ions\pgflibrarydecorations.markings.code.tex))
\tikz@lib@circ@count=\count432
\tikzcircuitssizeunit=\dimen321
)
(C:\Users\cdhro\AppData\Local\Programs\MiKTeX\tex/generic/pgf/libraries/shapes/
circuits\pgflibraryshapes.gates.ee.code.tex))
(C:\Users\cdhro\AppData\Local\Programs\MiKTeX\tex/generic/pgf/libraries/shapes/
circuits\pgflibraryshapes.gates.ee.IEC.code.tex))
(C:\Users\cdhro\AppData\Local\Programs\MiKTeX\tex/generic/pgf/frontendlayer/tik
z/libraries\tikzlibrarypatterns.code.tex
File: tikzlibrarypatterns.code.tex 2025-08-29 v3.1.11a (3.1.11a)

(C:\Users\cdhro\AppData\Local\Programs\MiKTeX\tex/generic/pgf/libraries\pgflibr
arypatterns.code.tex
File: pgflibrarypatterns.code.tex 2025-08-29 v3.1.11a (3.1.11a)
))
(C:\Users\cdhro\AppData\Local\Programs\MiKTeX\tex/generic/pgf/libraries\pgflibr
aryarrows.meta.code.tex
File: pgflibraryarrows.meta.code.tex 2025-08-29 v3.1.11a (3.1.11a)
\pgfarrowinset=\dimen322
\pgfarrowlength=\dimen323
\pgfarrowwidth=\dimen324
\pgfarrowlinewidth=\dimen325
)
(C:\Users\cdhro\AppData\Local\Programs\MiKTeX\tex/generic/pgf/frontendlayer/tik
z/libraries\tikzlibraryangles.code.tex
File: tikzlibraryangles.code.tex 2025-08-29 v3.1.11a (3.1.11a)
)
(C:\Users\cdhro\AppData\Local\Programs\MiKTeX\tex/generic/pgf/frontendlayer/tik
z/libraries\tikzlibraryquotes.code.tex
File: tikzlibraryquotes.code.tex 2025-08-29 v3.1.11a (3.1.11a)
)
(C:\Users\cdhro\AppData\Local\Programs\MiKTeX\tex/generic/pgf/frontendlayer/tik
z/libraries\tikzlibraryshapes.code.tex
File: tikzlibraryshapes.code.tex 2025-08-29 v3.1.11a (3.1.11a)

(C:\Users\cdhro\AppData\Local\Programs\MiKTeX\tex/generic/pgf/frontendlayer/tik
z/libraries\tikzlibraryshapes.geometric.code.tex
File: tikzlibraryshapes.geometric.code.tex 2025-08-29 v3.1.11a (3.1.11a)

(C:\Users\cdhro\AppData\Local\Programs\MiKTeX\tex/generic/pgf/libraries/shapes\
pgflibraryshapes.geometric.code.tex
File: pgflibraryshapes.geometric.code.tex 2025-08-29 v3.1.11a (3.1.11a)
))
(C:\Users\cdhro\AppData\Local\Programs\MiKTeX\tex/generic/pgf/frontendlayer/tik
z/libraries\tikzlibraryshapes.misc.code.tex
File: tikzlibraryshapes.misc.code.tex 2025-08-29 v3.1.11a (3.1.11a)

(C:\Users\cdhro\AppData\Local\Programs\MiKTeX\tex/generic/pgf/libraries/shapes\
pgflibraryshapes.misc.code.tex
File: pgflibraryshapes.misc.code.tex 2025-08-29 v3.1.11a (3.1.11a)
))
(C:\Users\cdhro\AppData\Local\Programs\MiKTeX\tex/generic/pgf/frontendlayer/tik
z/libraries\tikzlibraryshapes.symbols.code.tex
File: tikzlibraryshapes.symbols.code.tex 2025-08-29 v3.1.11a (3.1.11a)

(C:\Users\cdhro\AppData\Local\Programs\MiKTeX\tex/generic/pgf/libraries/shapes\
pgflibraryshapes.symbols.code.tex
File: pgflibraryshapes.symbols.code.tex 2025-08-29 v3.1.11a (3.1.11a)
))
(C:\Users\cdhro\AppData\Local\Programs\MiKTeX\tex/generic/pgf/frontendlayer/tik
z/libraries\tikzlibraryshapes.arrows.code.tex
File: tikzlibraryshapes.arrows.code.tex 2025-08-29 v3.1.11a (3.1.11a)

(C:\Users\cdhro\AppData\Local\Programs\MiKTeX\tex/generic/pgf/libraries/shapes\
pgflibraryshapes.arrows.code.tex
File: pgflibraryshapes.arrows.code.tex 2025-08-29 v3.1.11a (3.1.11a)
))
(C:\Users\cdhro\AppData\Local\Programs\MiKTeX\tex/generic/pgf/frontendlayer/tik
z/libraries\tikzlibraryshapes.callouts.code.tex
(C:\Users\cdhro\AppData\Local\Programs\MiKTeX\tex/generic/pgf/libraries/shapes\
pgflibraryshapes.callouts.code.tex))
(C:\Users\cdhro\AppData\Local\Programs\MiKTeX\tex/generic/pgf/frontendlayer/tik
z/libraries\tikzlibraryshapes.multipart.code.tex
File: tikzlibraryshapes.multipart.code.tex 2025-08-29 v3.1.11a (3.1.11a)

(C:\Users\cdhro\AppData\Local\Programs\MiKTeX\tex/generic/pgf/libraries/shapes\
pgflibraryshapes.multipart.code.tex
File: pgflibraryshapes.multipart.code.tex 2025-08-29 v3.1.11a (3.1.11a)
\pgfnodepartlowerbox=\box79
\pgfnodeparttwobox=\box80
\pgfnodepartthreebox=\box81
\pgfnodepartfourbox=\box82
\pgfnodeparttwentybox=\box83
\pgfnodepartnineteenbox=\box84
\pgfnodeparteighteenbox=\box85
\pgfnodepartseventeenbox=\box86
\pgfnodepartsixteenbox=\box87
\pgfnodepartfifteenbox=\box88
\pgfnodepartfourteenbox=\box89
\pgfnodepartthirteenbox=\box90
\pgfnodeparttwelvebox=\box91
\pgfnodepartelevenbox=\box92
\pgfnodeparttenbox=\box93
\pgfnodepartninebox=\box94
\pgfnodeparteightbox=\box95
\pgfnodepartsevenbox=\box96
\pgfnodepartsixbox=\box97
\pgfnodepartfivebox=\box98
)))
(C:\Users\cdhro\AppData\Local\Programs\MiKTeX\tex/generic/pgf/frontendlayer/tik
z/libraries\tikzlibrarysnakes.code.tex
File: tikzlibrarysnakes.code.tex 2025-08-29 v3.1.11a (3.1.11a)


Package pgf Warning: Snakes have been superseded by decorations. Please use the
 decoration libraries instead of the snakes library on input line 14.


(C:\Users\cdhro\AppData\Local\Programs\MiKTeX\tex/generic/pgf/frontendlayer/tik
z/libraries\tikzlibrarydecorations.shapes.code.tex
(C:\Users\cdhro\AppData\Local\Programs\MiKTeX\tex/generic/pgf/libraries/decorat
ions\pgflibrarydecorations.shapes.code.tex)))
(C:\Users\cdhro\AppData\Local\Programs\MiKTeX\tex/generic/pgf/frontendlayer/tik
z/libraries\tikzlibraryintersections.code.tex
(C:\Users\cdhro\AppData\Local\Programs\MiKTeX\tex/generic/pgf/libraries\pgflibr
aryintersections.code.tex
\pgf@intersect@solutions=\count433
))
(C:\Users\cdhro\AppData\Local\Programs\MiKTeX\tex/generic/pgf/frontendlayer/tik
z/libraries\tikzlibrarypositioning.code.tex
File: tikzlibrarypositioning.code.tex 2025-08-29 v3.1.11a (3.1.11a)
)
(C:\Users\cdhro\AppData\Local\Programs\MiKTeX\tex/generic/pgfplots/libs\tikzlib
rarypgfplots.fillbetween.code.tex
(C:\Users\cdhro\AppData\Local\Programs\MiKTeX\tex/generic/pgfplots/pgfcontrib\t
ikzlibraryfillbetween.code.tex
(C:\Users\cdhro\AppData\Local\Programs\MiKTeX\tex/generic/pgfplots/pgfcontrib\t
ikzlibrarydecorations.softclip.code.tex
(C:\Users\cdhro\AppData\Local\Programs\MiKTeX\tex/generic/pgfplots/pgfcontrib\p
gflibraryfillbetween.code.tex)))
(C:\Users\cdhro\AppData\Local\Programs\MiKTeX\tex/generic/pgfplots/libs\tikzlib
rarypgfplots.decorations.softclip.code.tex))
(C:\Users\cdhro\AppData\Local\Programs\MiKTeX\tex/latex/tkz-euclide\tkz-euclide
.sty
2026/01/25 5.13c tkz-euclide.sty
Package: tkz-euclide  2026/01/25 5.13c for pure Euclidean Geometry 

(C:\Users\cdhro\AppData\Local\Programs\MiKTeX\tex/generic/pgf/frontendlayer/tik
z/libraries\tikzlibrarybackgrounds.code.tex
File: tikzlibrarybackgrounds.code.tex 2025-08-29 v3.1.11a (3.1.11a)
\pgf@layerbox@background=\box99
\pgf@layerboxsaved@background=\box100
)
(C:\Users\cdhro\AppData\Local\Programs\MiKTeX\tex/generic/pgf/frontendlayer/tik
z/libraries\tikzlibrarydecorations.text.code.tex
(C:\Users\cdhro\AppData\Local\Programs\MiKTeX\tex/generic/pgf/libraries/decorat
ions\pgflibrarydecorations.text.code.tex
\pgf@lib@dec@text@box=\box101
)
\tikz@lib@dec@te@box=\box102
)
(C:\Users\cdhro\AppData\Local\Programs\MiKTeX\tex/generic/pgf/frontendlayer/tik
z/libraries\tikzlibrarymath.code.tex
(C:\Users\cdhro\AppData\Local\Programs\MiKTeX\tex/generic/pgf/frontendlayer/tik
z/libraries\tikzlibraryfpu.code.tex)
\tikz@math@for@depth=\count434
\tikz@math@dimen=\dimen326
\tikz@math@toks=\toks69
)
(C:\Users\cdhro\AppData\Local\Programs\MiKTeX\tex/generic/pgf/frontendlayer/tik
z/libraries\tikzlibrarythrough.code.tex
File: tikzlibrarythrough.code.tex 2025-08-29 v3.1.11a (3.1.11a)
)
(C:\Users\cdhro\AppData\Local\Programs\MiKTeX\tex/latex/l3packages/xfp\xfp.sty
Package: xfp 2025-10-09 L3 Floating point unit
)
\tkzRadius=\dimen327
\tkzLength=\dimen328
\tkz@radi=\dimen329
\tkz@ax=\dimen330
\tkz@ay=\dimen331
\tkz@bx=\dimen332
\tkz@by=\dimen333
\tkz@cx=\dimen334
\tkz@cy=\dimen335
\tkz@dx=\dimen336
\tkz@dy=\dimen337
\tkz@cntmk=\count435
Local configuration file tkz-euclide.cfg found and used

(C:\Users\cdhro\AppData\Local\Programs\MiKTeX\tex/latex/tkz-euclide\tkz-euclide
.cfg
2026/01/25 5.13c tkz-euclide.cfg
)
(C:\Users\cdhro\AppData\Local\Programs\MiKTeX\tex/latex/tkz-euclide/tools\tkz-t
ools-eu-base.tex
2026/01/25 5.13c tkz-tools-eu-base.tex
)
(C:\Users\cdhro\AppData\Local\Programs\MiKTeX\tex/latex/tkz-euclide/tools\tkz-t
ools-eu-utilities.tex
2026/01/25 5.13c tkz-tools-eu-utilities.tex
)
(C:\Users\cdhro\AppData\Local\Programs\MiKTeX\tex/latex/tkz-euclide/tools\tkz-t
ools-eu-BB.tex
2026/01/25 5.13c tkz-obj-eu-BB.tex
)
(C:\Users\cdhro\AppData\Local\Programs\MiKTeX\tex/latex/tkz-euclide/obj\tkz-obj
-eu-grids.tex
2026/01/25 5.13c tkz-obj-eu-grids.tex
)
(C:\Users\cdhro\AppData\Local\Programs\MiKTeX\tex/latex/tkz-euclide/libs\tkz-li
b-eu-marks.tex
2026/01/25 5.13c tkz-lib-eu-marks.tex
)
(C:\Users\cdhro\AppData\Local\Programs\MiKTeX\tex/latex/tkz-euclide/tools\tkz-t
ools-eu-text.tex
2026/01/25 5.13c tkz-tools-eu-text.tex
)
(C:\Users\cdhro\AppData\Local\Programs\MiKTeX\tex/latex/tkz-euclide/libs\tkz-li
b-eu-shape.tex
2026/01/25 5.13c tkz-lib-eu-shape.tex
)
(C:\Users\cdhro\AppData\Local\Programs\MiKTeX\tex/latex/tkz-euclide/obj\tkz-obj
-eu-axesmin.tex
2026/01/25 5.13c tkz-obj-eu-axesmin
)
(C:\Users\cdhro\AppData\Local\Programs\MiKTeX\tex/latex/tkz-euclide/tools\tkz-t
ools-eu-colors.tex
2026/01/25 5.13c tkz-tools-eu-colors
)
(C:\Users\cdhro\AppData\Local\Programs\MiKTeX\tex/latex/tkz-euclide/obj\tkz-obj
-eu-points.tex
2026/01/25 5.13c tkz-obj-eu-points.tex
)
(C:\Users\cdhro\AppData\Local\Programs\MiKTeX\tex/latex/tkz-euclide/drawings\tk
z-draw-eu-points.tex
2026/01/25 5.13c tkz-draw-eu-points.tex
)
(C:\Users\cdhro\AppData\Local\Programs\MiKTeX\tex/latex/tkz-euclide/obj\tkz-obj
-eu-points.tex
2026/01/25 5.13c tkz-obj-eu-points.tex
)
(C:\Users\cdhro\AppData\Local\Programs\MiKTeX\tex/latex/tkz-euclide/obj\tkz-obj
-eu-points-by.tex
2026/01/25 5.13c tkz-tools-eu-points-by.tex
)
(C:\Users\cdhro\AppData\Local\Programs\MiKTeX\tex/latex/tkz-euclide/tools\tkz-t
ools-eu-math.tex
2026/01/25 5.13c tkz-tools-eu-math.tex
)
(C:\Users\cdhro\AppData\Local\Programs\MiKTeX\tex/latex/tkz-euclide/tools\tkz-t
ools-eu-intersections.tex
2026/01/25 5.13c tkz-tools-eu-intersections.tex
)
(C:\Users\cdhro\AppData\Local\Programs\MiKTeX\tex/latex/tkz-euclide/obj\tkz-obj
-eu-points-with.tex
2026/01/25 5.13c tkz-obj-eu-points-with.tex
)
(C:\Users\cdhro\AppData\Local\Programs\MiKTeX\tex/latex/tkz-euclide/obj\tkz-obj
-eu-points-spc.tex
2026/01/25 5.13c tkz-obj-el-points.tex
)
(C:\Users\cdhro\AppData\Local\Programs\MiKTeX\tex/latex/tkz-euclide/tools\tkz-t
ools-eu-angles.tex
2026/01/25 5.13c tkz-tools-eu-angles.tex
)
(C:\Users\cdhro\AppData\Local\Programs\MiKTeX\tex/latex/tkz-euclide/obj\tkz-obj
-eu-circles.tex
2026/01/25 5.13c tkz-obj-eu-circles.tex
)
(C:\Users\cdhro\AppData\Local\Programs\MiKTeX\tex/latex/tkz-euclide/obj\tkz-obj
-eu-circles-by.tex
2026/01/25 5.13c tkz-obj-eu-circles.tex
)
(C:\Users\cdhro\AppData\Local\Programs\MiKTeX\tex/latex/tkz-euclide/obj\tkz-obj
-eu-points-rnd.tex
2026/01/25 5.13c tkz-obj-eu-points-rnd.tex
)
(C:\Users\cdhro\AppData\Local\Programs\MiKTeX\tex/latex/tkz-euclide/obj\tkz-obj
-eu-lines.tex
2026/01/25 5.13c tkz-obj-eu-lines.tex
)
(C:\Users\cdhro\AppData\Local\Programs\MiKTeX\tex/latex/tkz-euclide/obj\tkz-obj
-eu-polygons.tex
2026/01/25 5.13c tkz-obj-eu-polygons.tex
)
(C:\Users\cdhro\AppData\Local\Programs\MiKTeX\tex/latex/tkz-euclide/obj\tkz-obj
-eu-triangles.tex
2026/01/25 5.13c tkz-obj-eu-triangles.tex
)
(C:\Users\cdhro\AppData\Local\Programs\MiKTeX\tex/latex/tkz-euclide/drawings\tk
z-draw-eu-lines.tex
2026/01/25 5.13c tkz-obj-eu-draw-lines.tex
)
(C:\Users\cdhro\AppData\Local\Programs\MiKTeX\tex/latex/tkz-euclide/drawings\tk
z-draw-eu-circles.tex
2026/01/25 5.13c tkz-obj-eu-draw-circles.tex
)
(C:\Users\cdhro\AppData\Local\Programs\MiKTeX\tex/latex/tkz-euclide/drawings\tk
z-draw-eu-ellipses.tex
2026/01/25 5.13c tkz-obj-eu-draw-ellipses.tex
)
(C:\Users\cdhro\AppData\Local\Programs\MiKTeX\tex/latex/tkz-euclide/drawings\tk
z-draw-eu-polygons.tex
2026/01/25 5.13c tkz-obj-eu-polygons.tex
)
(C:\Users\cdhro\AppData\Local\Programs\MiKTeX\tex/latex/tkz-euclide/drawings\tk
z-draw-eu-arcs.tex
2026/01/25 5.13c tkz-tool-eu-arcs.tex
)
(C:\Users\cdhro\AppData\Local\Programs\MiKTeX\tex/latex/tkz-euclide/drawings\tk
z-draw-eu-angles.tex
2026/01/25 5.13c tkz-tool-eu-angles.tex
)
(C:\Users\cdhro\AppData\Local\Programs\MiKTeX\tex/latex/tkz-euclide/drawings\tk
z-draw-eu-sectors.tex
2026/01/25 5.13c tkz-obj-eu-sectors.tex
)
(C:\Users\cdhro\AppData\Local\Programs\MiKTeX\tex/latex/tkz-euclide/drawings\tk
z-draw-eu-compass.tex
2026/01/25 5.13c tkz-obj-eu-compass.tex
)
(C:\Users\cdhro\AppData\Local\Programs\MiKTeX\tex/latex/tkz-euclide/drawings\tk
z-draw-eu-show.tex
2026/01/25 5.13c tkz-obj-eu-show.tex
)
(C:\Users\cdhro\AppData\Local\Programs\MiKTeX\tex/latex/tkz-euclide/drawings\tk
z-draw-eu-protractor.tex
2026/01/25 5.13c tkz-obj-eu-protractor.tex
))
(C:\Users\cdhro\AppData\Local\Programs\MiKTeX\tex/latex/lwarp\lwarp-tabularx.st
y
Package lwarp Info: Replacing package `tabularx' with the lwarp version,
(lwarp)             and discarding options, on input line 21.
Package: lwarp-tabularx 2016/02/03
)
(C:\Users\cdhro\AppData\Local\Programs\MiKTeX\tex/latex/lwarp\lwarp-multirow.st
y
Package lwarp Info: Using package `multirow',
(lwarp)             and adding lwarp modifications, including options,
(lwarp)              on input line 21.
Package: lwarp-multirow 2021/03/15
 (C:\Users\cdhro\AppData\Local\Programs\MiKTeX\tex/latex/multirow\multirow.sty
Package: multirow 2024/11/12 v2.9 Span multiple rows of a table
\multirow@colwidth=\skip102
\multirow@cntb=\count436
\multirow@dima=\skip103
\bigstrutjot=\dimen338
) Including 'warpMathJax' comment.
\openout3 = `comment_mathjax.cut'.

 Straight input of comment_mathjax.cut.
(comment_mathjax.cut))
(C:\Users\cdhro\AppData\Local\Programs\MiKTeX\tex/latex/lwarp\lwarp-geometry.st
y
Package lwarp Info: Replacing package `geometry' with the lwarp version,
(lwarp)             and discarding options, on input line 20.
Package: lwarp-geometry 2018/04/16
) (C:\Users\cdhro\AppData\Local\Programs\MiKTeX\tex/latex/polynom\polynom.sty
Package: polynom 2017/07/17 0.19 (CH,HA)
\pld@currstage=\count437
)
(C:\Users\cdhro\AppData\Local\Programs\MiKTeX\tex/latex/lwarp\lwarp-makeidx.sty
Package lwarp Info: Using package `makeidx',
(lwarp)             and adding lwarp modifications, including options,
(lwarp)              on input line 18.
Package: lwarp-makeidx 2014/09/29
(C:\Users\cdhro\AppData\Local\Programs\MiKTeX\tex/latex/base\makeidx.sty
Package: makeidx 2021/10/04 v1.0m Standard LaTeX package
))
\@indexfile=\write8
\openout8 = `stm0005-notes_html.idx'.


Writing index file stm0005-notes_html.idx

(C:\Users\cdhro\AppData\Local\Programs\MiKTeX\tex/latex/lwarp\lwarp-hyperref.st
y
Package lwarp Info: Using the lwarp HTML version of package `hyperref',
(lwarp)             and discarding options except backref, pagebackref.
(lwarp)             (Not using \ProvidesPackage, so that other packages
(lwarp)             do not attempt to patch lwarp's version of `hyperref'.)
(lwarp)              on input line 25.
\XeTeXLinkMargin=\dimen339
)
(C:\Users\cdhro\AppData\Local\Programs\MiKTeX\tex/latex/lwarp\lwarp-cleveref.st
y
Package lwarp Info: Using package `cleveref',
(lwarp)             and adding lwarp modifications, including options,
(lwarp)              on input line 18.
Package: lwarp-cleveref 2018/03/27
 (C:\Users\cdhro\AppData\Local\Programs\MiKTeX\tex/latex/cleveref\cleveref.sty
Package: cleveref 2018/03/27 v0.21.4 Intelligent cross-referencing
Package cleveref Info: `amsthm' support loaded on input line 3026.
)
==> First Aid for cleveref.sty applied!
)
\c@thm=\count438
\c@prob=\count439
\c@Example=\count440
\c@diversion=\count441
\c@application=\count442
 Including 'warpHTML' comment.
\openout3 = `comment_html.cut'.

 Straight input of comment_html.cut.
(comment_html.cut))
(C:\Users\cdhro\AppData\Local\Programs\MiKTeX\tex/latex/datetime\datetime.sty
Package: datetime 2015/03/20 v2.60 Date Time Package

(C:\Users\cdhro\AppData\Local\Programs\MiKTeX\tex/latex/fmtcount\fmtcount.sty
Package: fmtcount 2025/12/02 v3.12 Displaying the values of LaTeX counters (NT,
VB,NE)

(C:\Users\cdhro\AppData\Local\Programs\MiKTeX\tex/latex/fmtcount\fcprefix.sty
Package: fcprefix 2012/09/28

(C:\Users\cdhro\AppData\Local\Programs\MiKTeX\tex/latex/fmtcount\fcnumparser.st
y
Package: fcnumparser 2017/06/15
\fc@digit@counter=\count443
))
\c@padzeroesN=\count444
\fc@tmpcatcode=\count445
\@DT@modctr=\count446
\@ordinalctr=\count447
\@orgargctr=\count448
\@strctr=\count449
\@tmpstrctr=\count450
\@DT@loopN=\count451
\@DT@X=\count452
)
(C:\Users\cdhro\AppData\Local\Programs\MiKTeX\tex/latex/datetime\datetime-defau
lts.sty
Package: datetime-defaults 2013/09/10
)
\@day=\count453
\@month=\count454
\@year=\count455
\c@HOUR=\count456
\c@HOURXII=\count457
\c@MINUTE=\count458
\c@TOHOUR=\count459
\c@TOMINUTE=\count460
\c@SECOND=\count461
\currenthour=\count462
\currentminute=\count463
\currentsecond=\count464
Package datetime Info: No datetime.cfg file found, using default settings on in
put line 308.

(C:\Users\cdhro\AppData\Local\Programs\MiKTeX\tex/latex/datetime\dt-UKenglish.d
ef
File: dt-UKenglish.def 2013/09/10
)
\@dtctr=\count465
\dayofyear=\count466
\dayofweek=\count467
LaTeX Info: Redefining \today on input line 736.
\dt@a=\toks70
\dt@b=\toks71
)
\LWR@userspaperwidth=\skip104
\LWR@userspaperheight=\skip105
\LWR@usersmarginparwidth=\skip106
\LWR@userstextwidth=\skip107
\LWR@userstextheight=\skip108
 (stm0005-notes_html.aux)
\openout1 = `stm0005-notes_html.aux'.

LaTeX Font Info:    Checking defaults for OML/cmm/m/it on input line 63.
LaTeX Font Info:    ... okay on input line 63.
LaTeX Font Info:    Checking defaults for OMS/cmsy/m/n on input line 63.
LaTeX Font Info:    ... okay on input line 63.
LaTeX Font Info:    Checking defaults for OT1/cmr/m/n on input line 63.
LaTeX Font Info:    ... okay on input line 63.
LaTeX Font Info:    Checking defaults for T1/cmr/m/n on input line 63.
LaTeX Font Info:    ... okay on input line 63.
LaTeX Font Info:    Checking defaults for TS1/cmr/m/n on input line 63.
LaTeX Font Info:    ... okay on input line 63.
LaTeX Font Info:    Checking defaults for OMX/cmex/m/n on input line 63.
LaTeX Font Info:    ... okay on input line 63.
LaTeX Font Info:    Checking defaults for U/cmr/m/n on input line 63.
LaTeX Font Info:    ... okay on input line 63.
LaTeX Info: Redefining \microtypecontext on input line 63.
Package microtype Info: Applying patch `item' on input line 63.
Package microtype Info: Applying patch `toc' on input line 63.
Package microtype Info: Applying patch `eqnum' on input line 63.


Package microtype Warning: Unable to apply patch `footnote' on input line 63.

Package microtype Info: Applying patch `verbatim' on input line 63.
LaTeX Info: Redefining \microtypesetup on input line 63.
Package microtype Info: Generating PDF output.
Package microtype Info: No character protrusion.
Package microtype Info: No font expansion.
Package microtype Info: No adjustment of tracking.
Package microtype Info: No adjustment of interword spacing.
Package microtype Info: No adjustment of character kerning.
(C:\Users\cdhro\AppData\Local\Programs\MiKTeX\tex/latex/microtype\mt-cmr.cfg
File: mt-cmr.cfg 2013/05/19 v2.2 microtype config. file: Computer Modern Roman 
(RS)
)
*geometry* driver: auto-detecting
*geometry* detected driver: pdftex
*geometry* verbose mode - [ preamble ] result:
* driver: pdftex
* paper: custom
* layout: <same size as paper>
* layoutoffset:(h,v)=(0.0pt,0.0pt)
* modes: heightrounded 
* h-part:(L,W,R)=(144.54pt, 867.24pt, 433.62pt)
* v-part:(T,H,B)=(72.26999pt, 13586.76001pt, 72.26999pt)
* \paperwidth=1445.4pt
* \paperheight=13731.29999pt
* \textwidth=1011.77557pt
* \textheight=10985.0819pt
* \oddsidemargin=72.27pt
* \evensidemargin=361.35pt
* \topmargin=-31.8738pt
* \headheight=12.0pt
* \headsep=19.8738pt
* \topskip=12.0pt
* \footskip=30.0pt
* \marginparwidth=88.0pt
* \marginparsep=7.0pt
* \columnsep=10.0pt
* \skip\footins=10.8pt plus 4.0pt minus 2.0pt
* \hoffset=0.0pt
* \voffset=0.0pt
* \mag=1000
* \@twocolumnfalse
* \@twosidefalse
* \@mparswitchfalse
* \@reversemarginfalse
* (1in=72.27pt=25.4mm, 1cm=28.453pt)

\LWR@colorminipagebox=\box103

Package lwarp Warning: Lwarp provides emulation for MathJax when used
(lwarp)                with the multirow package.
(lwarp)                Multirow works as expected in text mode, but
(lwarp)                limited emulation is provided for MathJax math.
(lwarp)                \multirow ignores all arguments except
(lwarp)                the text.


(C:\Users\cdhro\AppData\Local\Programs\MiKTeX\tex/context/base/mkii\supp-pdf.mk
ii
[Loading MPS to PDF converter (version 2006.09.02).]
\scratchcounter=\count468
\scratchdimen=\dimen340
\scratchbox=\box104
\nofMPsegments=\count469
\nofMParguments=\count470
\everyMPshowfont=\toks72
\MPscratchCnt=\count471
\MPscratchDim=\dimen341
\MPnumerator=\count472
\makeMPintoPDFobject=\count473
\everyMPtoPDFconversion=\toks73
)
(C:\Users\cdhro\AppData\Local\Programs\MiKTeX\tex/latex/lwarp\lwarp-epstopdf-ba
se.sty
Package lwarp Info: Using package `epstopdf-base',
(lwarp)             and adding lwarp modifications, including options,
(lwarp)              on input line 18.
Package: lwarp-epstopdf-base 2020-01-24

(C:\Users\cdhro\AppData\Local\Programs\MiKTeX\tex/latex/epstopdf-pkg\epstopdf-b
ase.sty
Package: epstopdf-base 2020-01-24 v2.11 Base part for package epstopdf
Package epstopdf-base Info: Redefining graphics rule for `.eps' on input line 4
85.

(C:\Users\cdhro\AppData\Local\Programs\MiKTeX\tex/latex/00miktex\epstopdf-sys.c
fg
File: epstopdf-sys.cfg 2021/03/18 v2.0 Configuration of epstopdf for MiKTeX
)))
Package caption Info: Begin \AtBeginDocument code.
Package caption Info: End \AtBeginDocument code.

Package pgfplots notification 'compat/show suggested version=true': you might b
enefit from \pgfplotsset{compat=1.18} (current compat level: 1.12).


(C:\Users\cdhro\AppData\Local\Programs\MiKTeX\tex/latex/fmtcount\fc-english.def
File: fc-english.def 2016/01/12
)
Package lwarp Info: Removing background hook on input line 63.
\openout5 = `stm0005-notes-images.txt'.

LaTeX Font Info:    Trying to load font information for T1+lmtt on input line 6
3.
 (C:\Users\cdhro\AppData\Local\Programs\MiKTeX\tex/latex/lm\t1lmtt.fd
File: t1lmtt.fd 2015/05/01 v1.6.1 Font defs for Latin Modern
)
File: "lwarp_mathjax.txt"  (verbatim)
LaTeX Font Info:    Trying to load font information for TS1+lmtt on input line 
63.

(C:\Users\cdhro\AppData\Local\Programs\MiKTeX\tex/latex/lm\ts1lmtt.fd
File: ts1lmtt.fd 2015/05/01 v1.6.1 Font defs for Latin Modern
)
---
Package lwarp:
Processing MathJax customizations for the first HTML page.
Later HTML pages will take the same amount of time.
If this takes too long, see the Lwarp manual regarding customizing MathJax.
Done.
---
[1

{C:/Users/cdhro/AppData/Local/MiKTeX/fonts/map/pdftex/pdftex.map}{C:/Users/cdhr
o/AppData/Local/Programs/MiKTeX/fonts/enc/dvips/lm/lm-ec.enc}{C:/Users/cdhro/Ap
pData/Local/Programs/MiKTeX/fonts/enc/dvips/lm/lm-ts1.enc}]
\openout6 = `stm0005-notes_html.sidetoc'.

 [2]
(stm0005-notes_html.toc)
\tf@toc=\write9
\openout9 = `stm0005-notes_html.toc'.

 (chapters/course-intro.tex [3]
File: "lwarp_mathjax.txt"  (verbatim)
 [4]
(stm0005-notes_html.sidetoc) [5] [6] [7]
LaTeX Font Info:    Trying to load font information for TS1+lmr on input line 3
4.

(C:\Users\cdhro\AppData\Local\Programs\MiKTeX\tex/latex/lm\ts1lmr.fd
File: ts1lmr.fd 2015/05/01 v1.6.1 Font defs for Latin Modern
)
LaTeX Font Info:    Trying to load font information for OT1+lmr on input line 4
7.

(C:\Users\cdhro\AppData\Local\Programs\MiKTeX\tex/latex/lm\ot1lmr.fd
File: ot1lmr.fd 2015/05/01 v1.6.1 Font defs for Latin Modern
)
LaTeX Font Info:    Trying to load font information for OML+lmm on input line 4
7.

(C:\Users\cdhro\AppData\Local\Programs\MiKTeX\tex/latex/lm\omllmm.fd
File: omllmm.fd 2015/05/01 v1.6.1 Font defs for Latin Modern
)
LaTeX Font Info:    Trying to load font information for OMS+lmsy on input line 
47.

(C:\Users\cdhro\AppData\Local\Programs\MiKTeX\tex/latex/lm\omslmsy.fd
File: omslmsy.fd 2015/05/01 v1.6.1 Font defs for Latin Modern
)
LaTeX Font Info:    Trying to load font information for OMX+lmex on input line 
47.

(C:\Users\cdhro\AppData\Local\Programs\MiKTeX\tex/latex/lm\omxlmex.fd
File: omxlmex.fd 2015/05/01 v1.6.1 Font defs for Latin Modern
)
LaTeX Font Info:    External font `lmex10' loaded for size
(Font)              <10> on input line 47.
LaTeX Font Info:    External font `lmex10' loaded for size
(Font)              <7> on input line 47.
LaTeX Font Info:    External font `lmex10' loaded for size
(Font)              <5> on input line 47.
LaTeX Font Info:    Trying to load font information for U+msa on input line 47.


(C:\Users\cdhro\AppData\Local\Programs\MiKTeX\tex/latex/amsfonts\umsa.fd
File: umsa.fd 2013/01/14 v3.01 AMS symbols A
)
(C:\Users\cdhro\AppData\Local\Programs\MiKTeX\tex/latex/microtype\mt-msa.cfg
File: mt-msa.cfg 2006/02/04 v1.1 microtype config. file: AMS symbols (a) (RS)
)
LaTeX Font Info:    Trying to load font information for U+msb on input line 47.


(C:\Users\cdhro\AppData\Local\Programs\MiKTeX\tex/latex/amsfonts\umsb.fd
File: umsb.fd 2013/01/14 v3.01 AMS symbols B
)
(C:\Users\cdhro\AppData\Local\Programs\MiKTeX\tex/latex/microtype\mt-msb.cfg
File: mt-msb.cfg 2005/06/01 v1.0 microtype config. file: AMS symbols (b) (RS)
)
LaTeX Font Info:    Font shape `U/fsy/m/n' will be
(Font)              scaled to size 8.99994pt on input line 47.
LaTeX Font Info:    Font shape `U/fsy/m/n' will be
(Font)              scaled to size 6.29996pt on input line 47.
LaTeX Font Info:    Font shape `U/fsy/m/n' will be
(Font)              scaled to size 4.49997pt on input line 47.

[8{C:/Users/cdhro/AppData/Local/Programs/MiKTeX/fonts/enc/dvips/lm/lm-rm.enc}{C
:/Users/cdhro/AppData/Local/Programs/MiKTeX/fonts/enc/dvips/lm/lm-mathit.enc}{C
:/Users/cdhro/AppData/Local/Programs/MiKTeX/fonts/enc/dvips/lm/lm-mathsy.enc}]
[9] [10] [11] [12] [13] [14] [15] [16] [17] [18] [19] [20] [21] [22] [23])
(chapters/one-d.tex [24]
File: "lwarp_mathjax.txt"  (verbatim)
 [25] (stm0005-notes_html.sidetoc) [26] [27] [28]
[29] [30] [31]
LaTeX Font Info:    External font `lmex10' loaded for size
(Font)              <12> on input line 43.
LaTeX Font Info:    External font `lmex10' loaded for size
(Font)              <8> on input line 43.
LaTeX Font Info:    External font `lmex10' loaded for size
(Font)              <6> on input line 43.
LaTeX Font Info:    Font shape `U/fsy/m/n' will be
(Font)              scaled to size 10.79993pt on input line 43.
LaTeX Font Info:    Font shape `U/fsy/m/n' will be
(Font)              scaled to size 7.19995pt on input line 43.
LaTeX Font Info:    Font shape `U/fsy/m/n' will be
(Font)              scaled to size 5.39996pt on input line 43.
 [32] [33] [34] [35] [36] [37] [38] [39] [40] [41] [42] [43]
[44] [45] [46] [47] [48] [49] [50] [51] [52] [53]) (chapters/freefall.tex
[54]
File: "lwarp_mathjax.txt"  (verbatim)
 [55] (stm0005-notes_html.sidetoc) [56] [57]
Overfull \hbox (124.82208pt too wide) in paragraph at lines 12--12
[]\T1/lmr/m/n/10 Figure\T1/lmtt/m/n/10 &nbsp;\T1/lmr/m/n/10 3.1: Ital-ian poly-
math Galileio Galilei, who prob-a-bly did not drop ob-jects off the lean-ing to
wer of Pisa. The im-age is from \T1/lmtt/m/n/10 <a href="https://commons.wikime
dia.org/wiki/File:Justus_Sustermans_-_Portrait_of_Galileo_Galilei,_1636.jpg"
 []

[58] [59] [60] [61] [62] [63] [64] [65] [66{C:/Users/cdhro/AppData/Local/Progra
ms/MiKTeX/fonts/enc/dvips/lm/lm-mathex.enc}] [67] [68] [69] [70] [71] [72]
[73] [74] [75] [76] [77] [78] [79]) (chapters/forces.tex [80] [81]
File: "lwarp_mathjax.txt"  (verbatim)
 [82]
(stm0005-notes_html.sidetoc) [83] [84] [85]
LaTeX Font Info:    External font `lmex10' loaded for size
(Font)              <10.95> on input line 28.
LaTeX Font Info:    Font shape `U/fsy/m/n' will be
(Font)              scaled to size 9.85492pt on input line 28.

Missing character: There is no ; in font nullfont!
[86] [87] [88] [89] [90] [91] [92] [93] [94] [95] [96] [97] [98] [99] [100]
[101] [102] [103] [104] [105] [106] [107] [108] [109] [110] [111])
(chapters/energy.tex [112]
File: "lwarp_mathjax.txt"  (verbatim)
 [113] (stm0005-notes_html.sidetoc) [114] [115]
[116] [117] [118] [119] [120] [121] [122] [123] [124] [125] [126] [127]
[128] [129] [130] [131] [132] [133] [134] [135] [136]) (chapters/circle.tex
[137]
File: "lwarp_mathjax.txt"  (verbatim)
 [138] (stm0005-notes_html.sidetoc) [139] [140] [141] [142] [143] [144]
[145] [146] [147] [148] [149] [150] [151] [152] [153] [154] [155] [156]
[157] [158] [159] [160] [161]) (chapters/oscillations.tex [162] [163]
File: "lwarp_mathjax.txt"  (verbatim)
 [164]
(stm0005-notes_html.sidetoc) [165] [166] [167] [168] [169] [170] [171] [172]
[173] [174] [175] [176] [177] [178] [179] [180] [181] [182] [183] [184]
[185] [186] [187] [188] [189] [190]) (chapters/circuits.tex [191]
File: "lwarp_mathjax.txt"  (verbatim)
 [192]
(stm0005-notes_html.sidetoc) [193] [194] [195] [196] [197] [198] [199] [200]
[201] [202] [203] [204] [205] [206] [207] [208] [209] [210] [211] [212]
[213] [214] [215] [216] [217] [218] [219] [220] [221] [222] [223] [224]
[225] [226] [227] [228] [229] [230] [231] [232] [233] [234] [235] [236]
[237] [238] [239] [240] [241] [242] [243] [244] [245] [246] [247] [248]
[249] [250] [251] [252] [253] [254] [255] [256] [257] [258] [259] [260]
[261] [262] [263] [264] [265] [266] [267] [268] [269] [270] [271] [272]
[273] [274] [275] [276] [277] [278] [279] [280] [281] [282] [283] [284]
[285] [286] [287]) (chapters/modern.tex [288]
File: "lwarp_mathjax.txt"  (verbatim)
 [289] (stm0005-notes_html.sidetoc) [290] [291] [292] [293] [294] [295] [296] [
297] [298] [299] [300] [301])
(chapters/background.tex [302] [303]
File: "lwarp_mathjax.txt"  (verbatim)
 [304] (stm0005-notes_html.sidetoc)
[305] [306] [307] [308] [309] [310] [311]) (chapters/further_reading.tex
[312]
File: "lwarp_mathjax.txt"  (verbatim)
 [313] (stm0005-notes_html.sidetoc) [314] [315] [316] [317] [318] [319]
[320] [321] [322] [323]) (chapters/formula.tex [324]
File: "lwarp_mathjax.txt"  (verbatim)
 [325]
(stm0005-notes_html.sidetoc) [326] [327] [328] [329] [330] [331])
(stm0005-notes_html.bbl [332]) [333] (stm0005-notes_html.aux)
 ***********
LaTeX2e <2025-11-01>
L3 programming layer <2020/03/25>
 ***********
 ) ) 
Here is how much of TeX's memory you used:
 56001 strings out of 467866
 1376542 string characters out of 5418325
 2017894 words of memory out of 5000000
 83358 multiletter control sequences out of 15000+600000
 688882 words of font info for 100 fonts, out of 8000000 for 9000
 1141 hyphenation exceptions out of 8191
 123i,18n,166p,2565b,1900s stack positions out of 10000i,1000n,20000p,200000b,200000s
<C:/Users/cdhro/AppData/Local/Programs/MiKTeX/fonts/type1/public/lm/lmbx10.
pfb><C:/Users/cdhro/AppData/Local/Programs/MiKTeX/fonts/type1/public/lm/lmex10.
pfb><C:/Users/cdhro/AppData/Local/Programs/MiKTeX/fonts/type1/public/lm/lmmi10.
pfb><C:/Users/cdhro/AppData/Local/Programs/MiKTeX/fonts/type1/public/lm/lmmi12.
pfb><C:/Users/cdhro/AppData/Local/Programs/MiKTeX/fonts/type1/public/lm/lmmi5.p
fb><C:/Users/cdhro/AppData/Local/Programs/MiKTeX/fonts/type1/public/lm/lmmi6.pf
b><C:/Users/cdhro/AppData/Local/Programs/MiKTeX/fonts/type1/public/lm/lmmi7.pfb
><C:/Users/cdhro/AppData/Local/Programs/MiKTeX/fonts/type1/public/lm/lmmi8.pfb>
<C:/Users/cdhro/AppData/Local/Programs/MiKTeX/fonts/type1/public/lm/lmr10.pfb><
C:/Users/cdhro/AppData/Local/Programs/MiKTeX/fonts/type1/public/lm/lmr12.pfb><C
:/Users/cdhro/AppData/Local/Programs/MiKTeX/fonts/type1/public/lm/lmr5.pfb><C:/
Users/cdhro/AppData/Local/Programs/MiKTeX/fonts/type1/public/lm/lmr6.pfb><C:/Us
ers/cdhro/AppData/Local/Programs/MiKTeX/fonts/type1/public/lm/lmr7.pfb><C:/User
s/cdhro/AppData/Local/Programs/MiKTeX/fonts/type1/public/lm/lmr8.pfb><C:/Users/
cdhro/AppData/Local/Programs/MiKTeX/fonts/type1/public/lm/lmri10.pfb><C:/Users/
cdhro/AppData/Local/Programs/MiKTeX/fonts/type1/public/lm/lmsy10.pfb><C:/Users/
cdhro/AppData/Local/Programs/MiKTeX/fonts/type1/public/lm/lmsy7.pfb><C:/Users/c
dhro/AppData/Local/Programs/MiKTeX/fonts/type1/public/lm/lmsy8.pfb><C:/Users/cd
hro/AppData/Local/Programs/MiKTeX/fonts/type1/public/lm/lmtt10.pfb><C:/Users/cd
hro/AppData/Local/Programs/MiKTeX/fonts/type1/public/lm/lmtt8.pfb><C:/Users/cdh
ro/AppData/Local/Programs/MiKTeX/fonts/type1/urw/symbol/usyr.pfb>
Output written on stm0005-notes_html.pdf (333 pages, 1437874 bytes).
PDF statistics:
 1199 PDF objects out of 1200 (max. 8388607)
 0 named destinations out of 1000 (max. 500000)
 13 words of extra memory for PDF output out of 10000 (max. 10000000)

